init,final,1,z1,z2,z3,x0,y0,x,y
1,0,1,-10,-10,-10,0,0,0,0
0,0,1,-10,-10,-10,0,0,2,2
0,0,1,-10,-10,-10,0,0,4,4
0,0,1,-10,-10,-10,0,0,6,6
0,0,1,-10,-10,-10,0,0,8,8
0,0,1,-10,-10,-10,0,0,10,10
0,0,1,-10,-10,-10,0,0,12,12
0,0,1,-10,-10,-10,0,0,14,14
0,0,1,-10,-10,-10,0,0,16,16
0,0,1,-10,-10,-10,0,0,18,18
0,1,1,-10,-10,-10,0,0,20,20
1,0,1,-10,-10,0,0,0,0,0
0,0,1,-10,-10,0,0,0,2,2
0,0,1,-10,-10,0,0,0,4,4
0,0,1,-10,-10,0,0,0,6,6
0,0,1,-10,-10,0,0,0,8,8
0,0,1,-10,-10,0,0,0,10,10
0,0,1,-10,-10,0,0,0,12,12
0,0,1,-10,-10,0,0,0,14,14
0,0,1,-10,-10,0,0,0,16,16
0,0,1,-10,-10,0,0,0,18,18
0,1,1,-10,-10,0,0,0,20,20
1,0,1,-10,-10,10,0,0,0,0
0,0,1,-10,-10,10,0,0,2,2
0,0,1,-10,-10,10,0,0,4,4
0,0,1,-10,-10,10,0,0,6,6
0,0,1,-10,-10,10,0,0,8,8
0,0,1,-10,-10,10,0,0,10,10
0,0,1,-10,-10,10,0,0,12,12
0,0,1,-10,-10,10,0,0,14,14
0,0,1,-10,-10,10,0,0,16,16
0,0,1,-10,-10,10,0,0,18,18
0,1,1,-10,-10,10,0,0,20,20
1,0,1,-10,0,-10,0,0,0,0
0,0,1,-10,0,-10,0,0,2,2
0,0,1,-10,0,-10,0,0,4,4
0,0,1,-10,0,-10,0,0,6,6
0,0,1,-10,0,-10,0,0,8,8
0,0,1,-10,0,-10,0,0,10,10
0,0,1,-10,0,-10,0,0,12,12
0,0,1,-10,0,-10,0,0,14,14
0,0,1,-10,0,-10,0,0,16,16
0,0,1,-10,0,-10,0,0,18,18
0,1,1,-10,0,-10,0,0,20,20
1,0,1,-10,0,0,0,0,0,0
0,0,1,-10,0,0,0,0,2,2
0,0,1,-10,0,0,0,0,4,4
0,0,1,-10,0,0,0,0,6,6
0,0,1,-10,0,0,0,0,8,8
0,0,1,-10,0,0,0,0,10,10
0,0,1,-10,0,0,0,0,12,12
0,0,1,-10,0,0,0,0,14,14
0,0,1,-10,0,0,0,0,16,16
0,0,1,-10,0,0,0,0,18,18
0,1,1,-10,0,0,0,0,20,20
1,0,1,-10,0,10,0,0,0,0
0,0,1,-10,0,10,0,0,2,2
0,0,1,-10,0,10,0,0,4,4
0,0,1,-10,0,10,0,0,6,6
0,0,1,-10,0,10,0,0,8,8
0,0,1,-10,0,10,0,0,10,10
0,0,1,-10,0,10,0,0,12,12
0,0,1,-10,0,10,0,0,14,14
0,0,1,-10,0,10,0,0,16,16
0,0,1,-10,0,10,0,0,18,18
0,1,1,-10,0,10,0,0,20,20
1,0,1,-10,10,-10,0,0,0,0
0,0,1,-10,10,-10,0,0,2,2
0,0,1,-10,10,-10,0,0,4,4
0,0,1,-10,10,-10,0,0,6,6
0,0,1,-10,10,-10,0,0,8,8
0,0,1,-10,10,-10,0,0,10,10
0,0,1,-10,10,-10,0,0,12,12
0,0,1,-10,10,-10,0,0,14,14
0,0,1,-10,10,-10,0,0,16,16
0,0,1,-10,10,-10,0,0,18,18
0,1,1,-10,10,-10,0,0,20,20
1,0,1,-10,10,0,0,0,0,0
0,0,1,-10,10,0,0,0,2,2
0,0,1,-10,10,0,0,0,4,4
0,0,1,-10,10,0,0,0,6,6
0,0,1,-10,10,0,0,0,8,8
0,0,1,-10,10,0,0,0,10,10
0,0,1,-10,10,0,0,0,12,12
0,0,1,-10,10,0,0,0,14,14
0,0,1,-10,10,0,0,0,16,16
0,0,1,-10,10,0,0,0,18,18
0,1,1,-10,10,0,0,0,20,20
1,0,1,-10,10,10,0,0,0,0
0,0,1,-10,10,10,0,0,2,2
0,0,1,-10,10,10,0,0,4,4
0,0,1,-10,10,10,0,0,6,6
0,0,1,-10,10,10,0,0,8,8
0,0,1,-10,10,10,0,0,10,10
0,0,1,-10,10,10,0,0,12,12
0,0,1,-10,10,10,0,0,14,14
0,0,1,-10,10,10,0,0,16,16
0,0,1,-10,10,10,0,0,18,18
0,1,1,-10,10,10,0,0,20,20
1,0,1,0,-10,-10,0,0,0,0
0,0,1,0,-10,-10,0,0,2,2
0,0,1,0,-10,-10,0,0,4,4
0,0,1,0,-10,-10,0,0,6,6
0,0,1,0,-10,-10,0,0,8,8
0,0,1,0,-10,-10,0,0,10,10
0,0,1,0,-10,-10,0,0,12,12
0,0,1,0,-10,-10,0,0,14,14
0,0,1,0,-10,-10,0,0,16,16
0,0,1,0,-10,-10,0,0,18,18
0,1,1,0,-10,-10,0,0,20,20
1,0,1,0,-10,0,0,0,0,0
0,0,1,0,-10,0,0,0,2,2
0,0,1,0,-10,0,0,0,4,4
0,0,1,0,-10,0,0,0,6,6
0,0,1,0,-10,0,0,0,8,8
0,0,1,0,-10,0,0,0,10,10
0,0,1,0,-10,0,0,0,12,12
0,0,1,0,-10,0,0,0,14,14
0,0,1,0,-10,0,0,0,16,16
0,0,1,0,-10,0,0,0,18,18
0,1,1,0,-10,0,0,0,20,20
1,0,1,0,-10,10,0,0,0,0
0,0,1,0,-10,10,0,0,2,2
0,0,1,0,-10,10,0,0,4,4
0,0,1,0,-10,10,0,0,6,6
0,0,1,0,-10,10,0,0,8,8
0,0,1,0,-10,10,0,0,10,10
0,0,1,0,-10,10,0,0,12,12
0,0,1,0,-10,10,0,0,14,14
0,0,1,0,-10,10,0,0,16,16
0,0,1,0,-10,10,0,0,18,18
0,1,1,0,-10,10,0,0,20,20
1,0,1,0,0,-10,0,0,0,0
0,0,1,0,0,-10,0,0,2,2
0,0,1,0,0,-10,0,0,4,4
0,0,1,0,0,-10,0,0,6,6
0,0,1,0,0,-10,0,0,8,8
0,0,1,0,0,-10,0,0,10,10
0,0,1,0,0,-10,0,0,12,12
0,0,1,0,0,-10,0,0,14,14
0,0,1,0,0,-10,0,0,16,16
0,0,1,0,0,-10,0,0,18,18
0,1,1,0,0,-10,0,0,20,20
1,0,1,0,0,0,0,0,0,0
0,0,1,0,0,0,0,0,2,2
0,0,1,0,0,0,0,0,4,4
0,0,1,0,0,0,0,0,6,6
0,0,1,0,0,0,0,0,8,8
0,0,1,0,0,0,0,0,10,10
0,0,1,0,0,0,0,0,12,12
0,0,1,0,0,0,0,0,14,14
0,0,1,0,0,0,0,0,16,16
0,0,1,0,0,0,0,0,18,18
0,1,1,0,0,0,0,0,20,20
1,0,1,0,0,10,0,0,0,0
0,0,1,0,0,10,0,0,2,2
0,0,1,0,0,10,0,0,4,4
0,0,1,0,0,10,0,0,6,6
0,0,1,0,0,10,0,0,8,8
0,0,1,0,0,10,0,0,10,10
0,0,1,0,0,10,0,0,12,12
0,0,1,0,0,10,0,0,14,14
0,0,1,0,0,10,0,0,16,16
0,0,1,0,0,10,0,0,18,18
0,1,1,0,0,10,0,0,20,20
1,0,1,0,10,-10,0,0,0,0
0,0,1,0,10,-10,0,0,2,2
0,0,1,0,10,-10,0,0,4,4
0,0,1,0,10,-10,0,0,6,6
0,0,1,0,10,-10,0,0,8,8
0,0,1,0,10,-10,0,0,10,10
0,0,1,0,10,-10,0,0,12,12
0,0,1,0,10,-10,0,0,14,14
0,0,1,0,10,-10,0,0,16,16
0,0,1,0,10,-10,0,0,18,18
0,1,1,0,10,-10,0,0,20,20
1,0,1,0,10,0,0,0,0,0
0,0,1,0,10,0,0,0,2,2
0,0,1,0,10,0,0,0,4,4
0,0,1,0,10,0,0,0,6,6
0,0,1,0,10,0,0,0,8,8
0,0,1,0,10,0,0,0,10,10
0,0,1,0,10,0,0,0,12,12
0,0,1,0,10,0,0,0,14,14
0,0,1,0,10,0,0,0,16,16
0,0,1,0,10,0,0,0,18,18
0,1,1,0,10,0,0,0,20,20
1,0,1,0,10,10,0,0,0,0
0,0,1,0,10,10,0,0,2,2
0,0,1,0,10,10,0,0,4,4
0,0,1,0,10,10,0,0,6,6
0,0,1,0,10,10,0,0,8,8
0,0,1,0,10,10,0,0,10,10
0,0,1,0,10,10,0,0,12,12
0,0,1,0,10,10,0,0,14,14
0,0,1,0,10,10,0,0,16,16
0,0,1,0,10,10,0,0,18,18
0,1,1,0,10,10,0,0,20,20
1,0,1,10,-10,-10,0,0,0,0
0,0,1,10,-10,-10,0,0,2,2
0,0,1,10,-10,-10,0,0,4,4
0,0,1,10,-10,-10,0,0,6,6
0,0,1,10,-10,-10,0,0,8,8
0,0,1,10,-10,-10,0,0,10,10
0,0,1,10,-10,-10,0,0,12,12
0,0,1,10,-10,-10,0,0,14,14
0,0,1,10,-10,-10,0,0,16,16
0,0,1,10,-10,-10,0,0,18,18
0,1,1,10,-10,-10,0,0,20,20
1,0,1,10,-10,0,0,0,0,0
0,0,1,10,-10,0,0,0,2,2
0,0,1,10,-10,0,0,0,4,4
0,0,1,10,-10,0,0,0,6,6
0,0,1,10,-10,0,0,0,8,8
0,0,1,10,-10,0,0,0,10,10
0,0,1,10,-10,0,0,0,12,12
0,0,1,10,-10,0,0,0,14,14
0,0,1,10,-10,0,0,0,16,16
0,0,1,10,-10,0,0,0,18,18
0,1,1,10,-10,0,0,0,20,20
1,0,1,10,-10,10,0,0,0,0
0,0,1,10,-10,10,0,0,2,2
0,0,1,10,-10,10,0,0,4,4
0,0,1,10,-10,10,0,0,6,6
0,0,1,10,-10,10,0,0,8,8
0,0,1,10,-10,10,0,0,10,10
0,0,1,10,-10,10,0,0,12,12
0,0,1,10,-10,10,0,0,14,14
0,0,1,10,-10,10,0,0,16,16
0,0,1,10,-10,10,0,0,18,18
0,1,1,10,-10,10,0,0,20,20
1,0,1,10,0,-10,0,0,0,0
0,0,1,10,0,-10,0,0,2,2
0,0,1,10,0,-10,0,0,4,4
0,0,1,10,0,-10,0,0,6,6
0,0,1,10,0,-10,0,0,8,8
0,0,1,10,0,-10,0,0,10,10
0,0,1,10,0,-10,0,0,12,12
0,0,1,10,0,-10,0,0,14,14
0,0,1,10,0,-10,0,0,16,16
0,0,1,10,0,-10,0,0,18,18
0,1,1,10,0,-10,0,0,20,20
1,0,1,10,0,0,0,0,0,0
0,0,1,10,0,0,0,0,2,2
0,0,1,10,0,0,0,0,4,4
0,0,1,10,0,0,0,0,6,6
0,0,1,10,0,0,0,0,8,8
0,0,1,10,0,0,0,0,10,10
0,0,1,10,0,0,0,0,12,12
0,0,1,10,0,0,0,0,14,14
0,0,1,10,0,0,0,0,16,16
0,0,1,10,0,0,0,0,18,18
0,1,1,10,0,0,0,0,20,20
1,0,1,10,0,10,0,0,0,0
0,0,1,10,0,10,0,0,2,2
0,0,1,10,0,10,0,0,4,4
0,0,1,10,0,10,0,0,6,6
0,0,1,10,0,10,0,0,8,8
0,0,1,10,0,10,0,0,10,10
0,0,1,10,0,10,0,0,12,12
0,0,1,10,0,10,0,0,14,14
0,0,1,10,0,10,0,0,16,16
0,0,1,10,0,10,0,0,18,18
0,1,1,10,0,10,0,0,20,20
1,0,1,10,10,-10,0,0,0,0
0,0,1,10,10,-10,0,0,2,2
0,0,1,10,10,-10,0,0,4,4
0,0,1,10,10,-10,0,0,6,6
0,0,1,10,10,-10,0,0,8,8
0,0,1,10,10,-10,0,0,10,10
0,0,1,10,10,-10,0,0,12,12
0,0,1,10,10,-10,0,0,14,14
0,0,1,10,10,-10,0,0,16,16
0,0,1,10,10,-10,0,0,18,18
0,1,1,10,10,-10,0,0,20,20
1,0,1,10,10,0,0,0,0,0
0,0,1,10,10,0,0,0,2,2
0,0,1,10,10,0,0,0,4,4
0,0,1,10,10,0,0,0,6,6
0,0,1,10,10,0,0,0,8,8
0,0,1,10,10,0,0,0,10,10
0,0,1,10,10,0,0,0,12,12
0,0,1,10,10,0,0,0,14,14
0,0,1,10,10,0,0,0,16,16
0,0,1,10,10,0,0,0,18,18
0,1,1,10,10,0,0,0,20,20
1,0,1,10,10,10,0,0,0,0
0,0,1,10,10,10,0,0,2,2
0,0,1,10,10,10,0,0,4,4
0,0,1,10,10,10,0,0,6,6
0,0,1,10,10,10,0,0,8,8
0,0,1,10,10,10,0,0,10,10
0,0,1,10,10,10,0,0,12,12
0,0,1,10,10,10,0,0,14,14
0,0,1,10,10,10,0,0,16,16
0,0,1,10,10,10,0,0,18,18
0,1,1,10,10,10,0,0,20,20
1,0,1,-10,-10,-10,0,1,0,1
0,0,1,-10,-10,-10,0,1,2,3
0,0,1,-10,-10,-10,0,1,4,5
0,0,1,-10,-10,-10,0,1,6,7
0,0,1,-10,-10,-10,0,1,8,9
0,0,1,-10,-10,-10,0,1,10,11
0,0,1,-10,-10,-10,0,1,12,13
0,0,1,-10,-10,-10,0,1,14,15
0,0,1,-10,-10,-10,0,1,16,17
0,0,1,-10,-10,-10,0,1,18,19
0,1,1,-10,-10,-10,0,1,20,21
1,0,1,-10,-10,0,0,1,0,1
0,0,1,-10,-10,0,0,1,2,3
0,0,1,-10,-10,0,0,1,4,5
0,0,1,-10,-10,0,0,1,6,7
0,0,1,-10,-10,0,0,1,8,9
0,0,1,-10,-10,0,0,1,10,11
0,0,1,-10,-10,0,0,1,12,13
0,0,1,-10,-10,0,0,1,14,15
0,0,1,-10,-10,0,0,1,16,17
0,0,1,-10,-10,0,0,1,18,19
0,1,1,-10,-10,0,0,1,20,21
1,0,1,-10,-10,10,0,1,0,1
0,0,1,-10,-10,10,0,1,2,3
0,0,1,-10,-10,10,0,1,4,5
0,0,1,-10,-10,10,0,1,6,7
0,0,1,-10,-10,10,0,1,8,9
0,0,1,-10,-10,10,0,1,10,11
0,0,1,-10,-10,10,0,1,12,13
0,0,1,-10,-10,10,0,1,14,15
0,0,1,-10,-10,10,0,1,16,17
0,0,1,-10,-10,10,0,1,18,19
0,1,1,-10,-10,10,0,1,20,21
1,0,1,-10,0,-10,0,1,0,1
0,0,1,-10,0,-10,0,1,2,3
0,0,1,-10,0,-10,0,1,4,5
0,0,1,-10,0,-10,0,1,6,7
0,0,1,-10,0,-10,0,1,8,9
0,0,1,-10,0,-10,0,1,10,11
0,0,1,-10,0,-10,0,1,12,13
0,0,1,-10,0,-10,0,1,14,15
0,0,1,-10,0,-10,0,1,16,17
0,0,1,-10,0,-10,0,1,18,19
0,1,1,-10,0,-10,0,1,20,21
1,0,1,-10,0,0,0,1,0,1
0,0,1,-10,0,0,0,1,2,3
0,0,1,-10,0,0,0,1,4,5
0,0,1,-10,0,0,0,1,6,7
0,0,1,-10,0,0,0,1,8,9
0,0,1,-10,0,0,0,1,10,11
0,0,1,-10,0,0,0,1,12,13
0,0,1,-10,0,0,0,1,14,15
0,0,1,-10,0,0,0,1,16,17
0,0,1,-10,0,0,0,1,18,19
0,1,1,-10,0,0,0,1,20,21
1,0,1,-10,0,10,0,1,0,1
0,0,1,-10,0,10,0,1,2,3
0,0,1,-10,0,10,0,1,4,5
0,0,1,-10,0,10,0,1,6,7
0,0,1,-10,0,10,0,1,8,9
0,0,1,-10,0,10,0,1,10,11
0,0,1,-10,0,10,0,1,12,13
0,0,1,-10,0,10,0,1,14,15
0,0,1,-10,0,10,0,1,16,17
0,0,1,-10,0,10,0,1,18,19
0,1,1,-10,0,10,0,1,20,21
1,0,1,-10,10,-10,0,1,0,1
0,0,1,-10,10,-10,0,1,2,3
0,0,1,-10,10,-10,0,1,4,5
0,0,1,-10,10,-10,0,1,6,7
0,0,1,-10,10,-10,0,1,8,9
0,0,1,-10,10,-10,0,1,10,11
0,0,1,-10,10,-10,0,1,12,13
0,0,1,-10,10,-10,0,1,14,15
0,0,1,-10,10,-10,0,1,16,17
0,0,1,-10,10,-10,0,1,18,19
0,1,1,-10,10,-10,0,1,20,21
1,0,1,-10,10,0,0,1,0,1
0,0,1,-10,10,0,0,1,2,3
0,0,1,-10,10,0,0,1,4,5
0,0,1,-10,10,0,0,1,6,7
0,0,1,-10,10,0,0,1,8,9
0,0,1,-10,10,0,0,1,10,11
0,0,1,-10,10,0,0,1,12,13
0,0,1,-10,10,0,0,1,14,15
0,0,1,-10,10,0,0,1,16,17
0,0,1,-10,10,0,0,1,18,19
0,1,1,-10,10,0,0,1,20,21
1,0,1,-10,10,10,0,1,0,1
0,0,1,-10,10,10,0,1,2,3
0,0,1,-10,10,10,0,1,4,5
0,0,1,-10,10,10,0,1,6,7
0,0,1,-10,10,10,0,1,8,9
0,0,1,-10,10,10,0,1,10,11
0,0,1,-10,10,10,0,1,12,13
0,0,1,-10,10,10,0,1,14,15
0,0,1,-10,10,10,0,1,16,17
0,0,1,-10,10,10,0,1,18,19
0,1,1,-10,10,10,0,1,20,21
1,0,1,0,-10,-10,0,1,0,1
0,0,1,0,-10,-10,0,1,2,3
0,0,1,0,-10,-10,0,1,4,5
0,0,1,0,-10,-10,0,1,6,7
0,0,1,0,-10,-10,0,1,8,9
0,0,1,0,-10,-10,0,1,10,11
0,0,1,0,-10,-10,0,1,12,13
0,0,1,0,-10,-10,0,1,14,15
0,0,1,0,-10,-10,0,1,16,17
0,0,1,0,-10,-10,0,1,18,19
0,1,1,0,-10,-10,0,1,20,21
1,0,1,0,-10,0,0,1,0,1
0,0,1,0,-10,0,0,1,2,3
0,0,1,0,-10,0,0,1,4,5
0,0,1,0,-10,0,0,1,6,7
0,0,1,0,-10,0,0,1,8,9
0,0,1,0,-10,0,0,1,10,11
0,0,1,0,-10,0,0,1,12,13
0,0,1,0,-10,0,0,1,14,15
0,0,1,0,-10,0,0,1,16,17
0,0,1,0,-10,0,0,1,18,19
0,1,1,0,-10,0,0,1,20,21
1,0,1,0,-10,10,0,1,0,1
0,0,1,0,-10,10,0,1,2,3
0,0,1,0,-10,10,0,1,4,5
0,0,1,0,-10,10,0,1,6,7
0,0,1,0,-10,10,0,1,8,9
0,0,1,0,-10,10,0,1,10,11
0,0,1,0,-10,10,0,1,12,13
0,0,1,0,-10,10,0,1,14,15
0,0,1,0,-10,10,0,1,16,17
0,0,1,0,-10,10,0,1,18,19
0,1,1,0,-10,10,0,1,20,21
1,0,1,0,0,-10,0,1,0,1
0,0,1,0,0,-10,0,1,2,3
0,0,1,0,0,-10,0,1,4,5
0,0,1,0,0,-10,0,1,6,7
0,0,1,0,0,-10,0,1,8,9
0,0,1,0,0,-10,0,1,10,11
0,0,1,0,0,-10,0,1,12,13
0,0,1,0,0,-10,0,1,14,15
0,0,1,0,0,-10,0,1,16,17
0,0,1,0,0,-10,0,1,18,19
0,1,1,0,0,-10,0,1,20,21
1,0,1,0,0,0,0,1,0,1
0,0,1,0,0,0,0,1,2,3
0,0,1,0,0,0,0,1,4,5
0,0,1,0,0,0,0,1,6,7
0,0,1,0,0,0,0,1,8,9
0,0,1,0,0,0,0,1,10,11
0,0,1,0,0,0,0,1,12,13
0,0,1,0,0,0,0,1,14,15
0,0,1,0,0,0,0,1,16,17
0,0,1,0,0,0,0,1,18,19
0,1,1,0,0,0,0,1,20,21
1,0,1,0,0,10,0,1,0,1
0,0,1,0,0,10,0,1,2,3
0,0,1,0,0,10,0,1,4,5
0,0,1,0,0,10,0,1,6,7
0,0,1,0,0,10,0,1,8,9
0,0,1,0,0,10,0,1,10,11
0,0,1,0,0,10,0,1,12,13
0,0,1,0,0,10,0,1,14,15
0,0,1,0,0,10,0,1,16,17
0,0,1,0,0,10,0,1,18,19
0,1,1,0,0,10,0,1,20,21
1,0,1,0,10,-10,0,1,0,1
0,0,1,0,10,-10,0,1,2,3
0,0,1,0,10,-10,0,1,4,5
0,0,1,0,10,-10,0,1,6,7
0,0,1,0,10,-10,0,1,8,9
0,0,1,0,10,-10,0,1,10,11
0,0,1,0,10,-10,0,1,12,13
0,0,1,0,10,-10,0,1,14,15
0,0,1,0,10,-10,0,1,16,17
0,0,1,0,10,-10,0,1,18,19
0,1,1,0,10,-10,0,1,20,21
1,0,1,0,10,0,0,1,0,1
0,0,1,0,10,0,0,1,2,3
0,0,1,0,10,0,0,1,4,5
0,0,1,0,10,0,0,1,6,7
0,0,1,0,10,0,0,1,8,9
0,0,1,0,10,0,0,1,10,11
0,0,1,0,10,0,0,1,12,13
0,0,1,0,10,0,0,1,14,15
0,0,1,0,10,0,0,1,16,17
0,0,1,0,10,0,0,1,18,19
0,1,1,0,10,0,0,1,20,21
1,0,1,0,10,10,0,1,0,1
0,0,1,0,10,10,0,1,2,3
0,0,1,0,10,10,0,1,4,5
0,0,1,0,10,10,0,1,6,7
0,0,1,0,10,10,0,1,8,9
0,0,1,0,10,10,0,1,10,11
0,0,1,0,10,10,0,1,12,13
0,0,1,0,10,10,0,1,14,15
0,0,1,0,10,10,0,1,16,17
0,0,1,0,10,10,0,1,18,19
0,1,1,0,10,10,0,1,20,21
1,0,1,10,-10,-10,0,1,0,1
0,0,1,10,-10,-10,0,1,2,3
0,0,1,10,-10,-10,0,1,4,5
0,0,1,10,-10,-10,0,1,6,7
0,0,1,10,-10,-10,0,1,8,9
0,0,1,10,-10,-10,0,1,10,11
0,0,1,10,-10,-10,0,1,12,13
0,0,1,10,-10,-10,0,1,14,15
0,0,1,10,-10,-10,0,1,16,17
0,0,1,10,-10,-10,0,1,18,19
0,1,1,10,-10,-10,0,1,20,21
1,0,1,10,-10,0,0,1,0,1
0,0,1,10,-10,0,0,1,2,3
0,0,1,10,-10,0,0,1,4,5
0,0,1,10,-10,0,0,1,6,7
0,0,1,10,-10,0,0,1,8,9
0,0,1,10,-10,0,0,1,10,11
0,0,1,10,-10,0,0,1,12,13
0,0,1,10,-10,0,0,1,14,15
0,0,1,10,-10,0,0,1,16,17
0,0,1,10,-10,0,0,1,18,19
0,1,1,10,-10,0,0,1,20,21
1,0,1,10,-10,10,0,1,0,1
0,0,1,10,-10,10,0,1,2,3
0,0,1,10,-10,10,0,1,4,5
0,0,1,10,-10,10,0,1,6,7
0,0,1,10,-10,10,0,1,8,9
0,0,1,10,-10,10,0,1,10,11
0,0,1,10,-10,10,0,1,12,13
0,0,1,10,-10,10,0,1,14,15
0,0,1,10,-10,10,0,1,16,17
0,0,1,10,-10,10,0,1,18,19
0,1,1,10,-10,10,0,1,20,21
1,0,1,10,0,-10,0,1,0,1
0,0,1,10,0,-10,0,1,2,3
0,0,1,10,0,-10,0,1,4,5
0,0,1,10,0,-10,0,1,6,7
0,0,1,10,0,-10,0,1,8,9
0,0,1,10,0,-10,0,1,10,11
0,0,1,10,0,-10,0,1,12,13
0,0,1,10,0,-10,0,1,14,15
0,0,1,10,0,-10,0,1,16,17
0,0,1,10,0,-10,0,1,18,19
0,1,1,10,0,-10,0,1,20,21
1,0,1,10,0,0,0,1,0,1
0,0,1,10,0,0,0,1,2,3
0,0,1,10,0,0,0,1,4,5
0,0,1,10,0,0,0,1,6,7
0,0,1,10,0,0,0,1,8,9
0,0,1,10,0,0,0,1,10,11
0,0,1,10,0,0,0,1,12,13
0,0,1,10,0,0,0,1,14,15
0,0,1,10,0,0,0,1,16,17
0,0,1,10,0,0,0,1,18,19
0,1,1,10,0,0,0,1,20,21
1,0,1,10,0,10,0,1,0,1
0,0,1,10,0,10,0,1,2,3
0,0,1,10,0,10,0,1,4,5
0,0,1,10,0,10,0,1,6,7
0,0,1,10,0,10,0,1,8,9
0,0,1,10,0,10,0,1,10,11
0,0,1,10,0,10,0,1,12,13
0,0,1,10,0,10,0,1,14,15
0,0,1,10,0,10,0,1,16,17
0,0,1,10,0,10,0,1,18,19
0,1,1,10,0,10,0,1,20,21
1,0,1,10,10,-10,0,1,0,1
0,0,1,10,10,-10,0,1,2,3
0,0,1,10,10,-10,0,1,4,5
0,0,1,10,10,-10,0,1,6,7
0,0,1,10,10,-10,0,1,8,9
0,0,1,10,10,-10,0,1,10,11
0,0,1,10,10,-10,0,1,12,13
0,0,1,10,10,-10,0,1,14,15
0,0,1,10,10,-10,0,1,16,17
0,0,1,10,10,-10,0,1,18,19
0,1,1,10,10,-10,0,1,20,21
1,0,1,10,10,0,0,1,0,1
0,0,1,10,10,0,0,1,2,3
0,0,1,10,10,0,0,1,4,5
0,0,1,10,10,0,0,1,6,7
0,0,1,10,10,0,0,1,8,9
0,0,1,10,10,0,0,1,10,11
0,0,1,10,10,0,0,1,12,13
0,0,1,10,10,0,0,1,14,15
0,0,1,10,10,0,0,1,16,17
0,0,1,10,10,0,0,1,18,19
0,1,1,10,10,0,0,1,20,21
1,0,1,10,10,10,0,1,0,1
0,0,1,10,10,10,0,1,2,3
0,0,1,10,10,10,0,1,4,5
0,0,1,10,10,10,0,1,6,7
0,0,1,10,10,10,0,1,8,9
0,0,1,10,10,10,0,1,10,11
0,0,1,10,10,10,0,1,12,13
0,0,1,10,10,10,0,1,14,15
0,0,1,10,10,10,0,1,16,17
0,0,1,10,10,10,0,1,18,19
0,1,1,10,10,10,0,1,20,21
1,0,1,-10,-10,-10,0,2,0,2
0,0,1,-10,-10,-10,0,2,2,4
0,0,1,-10,-10,-10,0,2,4,6
0,0,1,-10,-10,-10,0,2,6,8
0,0,1,-10,-10,-10,0,2,8,10
0,0,1,-10,-10,-10,0,2,10,12
0,0,1,-10,-10,-10,0,2,12,14
0,0,1,-10,-10,-10,0,2,14,16
0,0,1,-10,-10,-10,0,2,16,18
0,0,1,-10,-10,-10,0,2,18,20
0,1,1,-10,-10,-10,0,2,20,22
1,0,1,-10,-10,0,0,2,0,2
0,0,1,-10,-10,0,0,2,2,4
0,0,1,-10,-10,0,0,2,4,6
0,0,1,-10,-10,0,0,2,6,8
0,0,1,-10,-10,0,0,2,8,10
0,0,1,-10,-10,0,0,2,10,12
0,0,1,-10,-10,0,0,2,12,14
0,0,1,-10,-10,0,0,2,14,16
0,0,1,-10,-10,0,0,2,16,18
0,0,1,-10,-10,0,0,2,18,20
0,1,1,-10,-10,0,0,2,20,22
1,0,1,-10,-10,10,0,2,0,2
0,0,1,-10,-10,10,0,2,2,4
0,0,1,-10,-10,10,0,2,4,6
0,0,1,-10,-10,10,0,2,6,8
0,0,1,-10,-10,10,0,2,8,10
0,0,1,-10,-10,10,0,2,10,12
0,0,1,-10,-10,10,0,2,12,14
0,0,1,-10,-10,10,0,2,14,16
0,0,1,-10,-10,10,0,2,16,18
0,0,1,-10,-10,10,0,2,18,20
0,1,1,-10,-10,10,0,2,20,22
1,0,1,-10,0,-10,0,2,0,2
0,0,1,-10,0,-10,0,2,2,4
0,0,1,-10,0,-10,0,2,4,6
0,0,1,-10,0,-10,0,2,6,8
0,0,1,-10,0,-10,0,2,8,10
0,0,1,-10,0,-10,0,2,10,12
0,0,1,-10,0,-10,0,2,12,14
0,0,1,-10,0,-10,0,2,14,16
0,0,1,-10,0,-10,0,2,16,18
0,0,1,-10,0,-10,0,2,18,20
0,1,1,-10,0,-10,0,2,20,22
1,0,1,-10,0,0,0,2,0,2
0,0,1,-10,0,0,0,2,2,4
0,0,1,-10,0,0,0,2,4,6
0,0,1,-10,0,0,0,2,6,8
0,0,1,-10,0,0,0,2,8,10
0,0,1,-10,0,0,0,2,10,12
0,0,1,-10,0,0,0,2,12,14
0,0,1,-10,0,0,0,2,14,16
0,0,1,-10,0,0,0,2,16,18
0,0,1,-10,0,0,0,2,18,20
0,1,1,-10,0,0,0,2,20,22
1,0,1,-10,0,10,0,2,0,2
0,0,1,-10,0,10,0,2,2,4
0,0,1,-10,0,10,0,2,4,6
0,0,1,-10,0,10,0,2,6,8
0,0,1,-10,0,10,0,2,8,10
0,0,1,-10,0,10,0,2,10,12
0,0,1,-10,0,10,0,2,12,14
0,0,1,-10,0,10,0,2,14,16
0,0,1,-10,0,10,0,2,16,18
0,0,1,-10,0,10,0,2,18,20
0,1,1,-10,0,10,0,2,20,22
1,0,1,-10,10,-10,0,2,0,2
0,0,1,-10,10,-10,0,2,2,4
0,0,1,-10,10,-10,0,2,4,6
0,0,1,-10,10,-10,0,2,6,8
0,0,1,-10,10,-10,0,2,8,10
0,0,1,-10,10,-10,0,2,10,12
0,0,1,-10,10,-10,0,2,12,14
0,0,1,-10,10,-10,0,2,14,16
0,0,1,-10,10,-10,0,2,16,18
0,0,1,-10,10,-10,0,2,18,20
0,1,1,-10,10,-10,0,2,20,22
1,0,1,-10,10,0,0,2,0,2
0,0,1,-10,10,0,0,2,2,4
0,0,1,-10,10,0,0,2,4,6
0,0,1,-10,10,0,0,2,6,8
0,0,1,-10,10,0,0,2,8,10
0,0,1,-10,10,0,0,2,10,12
0,0,1,-10,10,0,0,2,12,14
0,0,1,-10,10,0,0,2,14,16
0,0,1,-10,10,0,0,2,16,18
0,0,1,-10,10,0,0,2,18,20
0,1,1,-10,10,0,0,2,20,22
1,0,1,-10,10,10,0,2,0,2
0,0,1,-10,10,10,0,2,2,4
0,0,1,-10,10,10,0,2,4,6
0,0,1,-10,10,10,0,2,6,8
0,0,1,-10,10,10,0,2,8,10
0,0,1,-10,10,10,0,2,10,12
0,0,1,-10,10,10,0,2,12,14
0,0,1,-10,10,10,0,2,14,16
0,0,1,-10,10,10,0,2,16,18
0,0,1,-10,10,10,0,2,18,20
0,1,1,-10,10,10,0,2,20,22
1,0,1,0,-10,-10,0,2,0,2
0,0,1,0,-10,-10,0,2,2,4
0,0,1,0,-10,-10,0,2,4,6
0,0,1,0,-10,-10,0,2,6,8
0,0,1,0,-10,-10,0,2,8,10
0,0,1,0,-10,-10,0,2,10,12
0,0,1,0,-10,-10,0,2,12,14
0,0,1,0,-10,-10,0,2,14,16
0,0,1,0,-10,-10,0,2,16,18
0,0,1,0,-10,-10,0,2,18,20
0,1,1,0,-10,-10,0,2,20,22
1,0,1,0,-10,0,0,2,0,2
0,0,1,0,-10,0,0,2,2,4
0,0,1,0,-10,0,0,2,4,6
0,0,1,0,-10,0,0,2,6,8
0,0,1,0,-10,0,0,2,8,10
0,0,1,0,-10,0,0,2,10,12
0,0,1,0,-10,0,0,2,12,14
0,0,1,0,-10,0,0,2,14,16
0,0,1,0,-10,0,0,2,16,18
0,0,1,0,-10,0,0,2,18,20
0,1,1,0,-10,0,0,2,20,22
1,0,1,0,-10,10,0,2,0,2
0,0,1,0,-10,10,0,2,2,4
0,0,1,0,-10,10,0,2,4,6
0,0,1,0,-10,10,0,2,6,8
0,0,1,0,-10,10,0,2,8,10
0,0,1,0,-10,10,0,2,10,12
0,0,1,0,-10,10,0,2,12,14
0,0,1,0,-10,10,0,2,14,16
0,0,1,0,-10,10,0,2,16,18
0,0,1,0,-10,10,0,2,18,20
0,1,1,0,-10,10,0,2,20,22
1,0,1,0,0,-10,0,2,0,2
0,0,1,0,0,-10,0,2,2,4
0,0,1,0,0,-10,0,2,4,6
0,0,1,0,0,-10,0,2,6,8
0,0,1,0,0,-10,0,2,8,10
0,0,1,0,0,-10,0,2,10,12
0,0,1,0,0,-10,0,2,12,14
0,0,1,0,0,-10,0,2,14,16
0,0,1,0,0,-10,0,2,16,18
0,0,1,0,0,-10,0,2,18,20
0,1,1,0,0,-10,0,2,20,22
1,0,1,0,0,0,0,2,0,2
0,0,1,0,0,0,0,2,2,4
0,0,1,0,0,0,0,2,4,6
0,0,1,0,0,0,0,2,6,8
0,0,1,0,0,0,0,2,8,10
0,0,1,0,0,0,0,2,10,12
0,0,1,0,0,0,0,2,12,14
0,0,1,0,0,0,0,2,14,16
0,0,1,0,0,0,0,2,16,18
0,0,1,0,0,0,0,2,18,20
0,1,1,0,0,0,0,2,20,22
1,0,1,0,0,10,0,2,0,2
0,0,1,0,0,10,0,2,2,4
0,0,1,0,0,10,0,2,4,6
0,0,1,0,0,10,0,2,6,8
0,0,1,0,0,10,0,2,8,10
0,0,1,0,0,10,0,2,10,12
0,0,1,0,0,10,0,2,12,14
0,0,1,0,0,10,0,2,14,16
0,0,1,0,0,10,0,2,16,18
0,0,1,0,0,10,0,2,18,20
0,1,1,0,0,10,0,2,20,22
1,0,1,0,10,-10,0,2,0,2
0,0,1,0,10,-10,0,2,2,4
0,0,1,0,10,-10,0,2,4,6
0,0,1,0,10,-10,0,2,6,8
0,0,1,0,10,-10,0,2,8,10
0,0,1,0,10,-10,0,2,10,12
0,0,1,0,10,-10,0,2,12,14
0,0,1,0,10,-10,0,2,14,16
0,0,1,0,10,-10,0,2,16,18
0,0,1,0,10,-10,0,2,18,20
0,1,1,0,10,-10,0,2,20,22
1,0,1,0,10,0,0,2,0,2
0,0,1,0,10,0,0,2,2,4
0,0,1,0,10,0,0,2,4,6
0,0,1,0,10,0,0,2,6,8
0,0,1,0,10,0,0,2,8,10
0,0,1,0,10,0,0,2,10,12
0,0,1,0,10,0,0,2,12,14
0,0,1,0,10,0,0,2,14,16
0,0,1,0,10,0,0,2,16,18
0,0,1,0,10,0,0,2,18,20
0,1,1,0,10,0,0,2,20,22
1,0,1,0,10,10,0,2,0,2
0,0,1,0,10,10,0,2,2,4
0,0,1,0,10,10,0,2,4,6
0,0,1,0,10,10,0,2,6,8
0,0,1,0,10,10,0,2,8,10
0,0,1,0,10,10,0,2,10,12
0,0,1,0,10,10,0,2,12,14
0,0,1,0,10,10,0,2,14,16
0,0,1,0,10,10,0,2,16,18
0,0,1,0,10,10,0,2,18,20
0,1,1,0,10,10,0,2,20,22
1,0,1,10,-10,-10,0,2,0,2
0,0,1,10,-10,-10,0,2,2,4
0,0,1,10,-10,-10,0,2,4,6
0,0,1,10,-10,-10,0,2,6,8
0,0,1,10,-10,-10,0,2,8,10
0,0,1,10,-10,-10,0,2,10,12
0,0,1,10,-10,-10,0,2,12,14
0,0,1,10,-10,-10,0,2,14,16
0,0,1,10,-10,-10,0,2,16,18
0,0,1,10,-10,-10,0,2,18,20
0,1,1,10,-10,-10,0,2,20,22
1,0,1,10,-10,0,0,2,0,2
0,0,1,10,-10,0,0,2,2,4
0,0,1,10,-10,0,0,2,4,6
0,0,1,10,-10,0,0,2,6,8
0,0,1,10,-10,0,0,2,8,10
0,0,1,10,-10,0,0,2,10,12
0,0,1,10,-10,0,0,2,12,14
0,0,1,10,-10,0,0,2,14,16
0,0,1,10,-10,0,0,2,16,18
0,0,1,10,-10,0,0,2,18,20
0,1,1,10,-10,0,0,2,20,22
1,0,1,10,-10,10,0,2,0,2
0,0,1,10,-10,10,0,2,2,4
0,0,1,10,-10,10,0,2,4,6
0,0,1,10,-10,10,0,2,6,8
0,0,1,10,-10,10,0,2,8,10
0,0,1,10,-10,10,0,2,10,12
0,0,1,10,-10,10,0,2,12,14
0,0,1,10,-10,10,0,2,14,16
0,0,1,10,-10,10,0,2,16,18
0,0,1,10,-10,10,0,2,18,20
0,1,1,10,-10,10,0,2,20,22
1,0,1,10,0,-10,0,2,0,2
0,0,1,10,0,-10,0,2,2,4
0,0,1,10,0,-10,0,2,4,6
0,0,1,10,0,-10,0,2,6,8
0,0,1,10,0,-10,0,2,8,10
0,0,1,10,0,-10,0,2,10,12
0,0,1,10,0,-10,0,2,12,14
0,0,1,10,0,-10,0,2,14,16
0,0,1,10,0,-10,0,2,16,18
0,0,1,10,0,-10,0,2,18,20
0,1,1,10,0,-10,0,2,20,22
1,0,1,10,0,0,0,2,0,2
0,0,1,10,0,0,0,2,2,4
0,0,1,10,0,0,0,2,4,6
0,0,1,10,0,0,0,2,6,8
0,0,1,10,0,0,0,2,8,10
0,0,1,10,0,0,0,2,10,12
0,0,1,10,0,0,0,2,12,14
0,0,1,10,0,0,0,2,14,16
0,0,1,10,0,0,0,2,16,18
0,0,1,10,0,0,0,2,18,20
0,1,1,10,0,0,0,2,20,22
1,0,1,10,0,10,0,2,0,2
0,0,1,10,0,10,0,2,2,4
0,0,1,10,0,10,0,2,4,6
0,0,1,10,0,10,0,2,6,8
0,0,1,10,0,10,0,2,8,10
0,0,1,10,0,10,0,2,10,12
0,0,1,10,0,10,0,2,12,14
0,0,1,10,0,10,0,2,14,16
0,0,1,10,0,10,0,2,16,18
0,0,1,10,0,10,0,2,18,20
0,1,1,10,0,10,0,2,20,22
1,0,1,10,10,-10,0,2,0,2
0,0,1,10,10,-10,0,2,2,4
0,0,1,10,10,-10,0,2,4,6
0,0,1,10,10,-10,0,2,6,8
0,0,1,10,10,-10,0,2,8,10
0,0,1,10,10,-10,0,2,10,12
0,0,1,10,10,-10,0,2,12,14
0,0,1,10,10,-10,0,2,14,16
0,0,1,10,10,-10,0,2,16,18
0,0,1,10,10,-10,0,2,18,20
0,1,1,10,10,-10,0,2,20,22
1,0,1,10,10,0,0,2,0,2
0,0,1,10,10,0,0,2,2,4
0,0,1,10,10,0,0,2,4,6
0,0,1,10,10,0,0,2,6,8
0,0,1,10,10,0,0,2,8,10
0,0,1,10,10,0,0,2,10,12
0,0,1,10,10,0,0,2,12,14
0,0,1,10,10,0,0,2,14,16
0,0,1,10,10,0,0,2,16,18
0,0,1,10,10,0,0,2,18,20
0,1,1,10,10,0,0,2,20,22
1,0,1,10,10,10,0,2,0,2
0,0,1,10,10,10,0,2,2,4
0,0,1,10,10,10,0,2,4,6
0,0,1,10,10,10,0,2,6,8
0,0,1,10,10,10,0,2,8,10
0,0,1,10,10,10,0,2,10,12
0,0,1,10,10,10,0,2,12,14
0,0,1,10,10,10,0,2,14,16
0,0,1,10,10,10,0,2,16,18
0,0,1,10,10,10,0,2,18,20
0,1,1,10,10,10,0,2,20,22
1,0,1,-10,-10,-10,1,0,1,0
0,0,1,-10,-10,-10,1,0,3,2
0,0,1,-10,-10,-10,1,0,5,4
0,0,1,-10,-10,-10,1,0,7,6
0,0,1,-10,-10,-10,1,0,9,8
0,0,1,-10,-10,-10,1,0,11,10
0,0,1,-10,-10,-10,1,0,13,12
0,0,1,-10,-10,-10,1,0,15,14
0,0,1,-10,-10,-10,1,0,17,16
0,0,1,-10,-10,-10,1,0,19,18
0,1,1,-10,-10,-10,1,0,21,20
1,0,1,-10,-10,0,1,0,1,0
0,0,1,-10,-10,0,1,0,3,2
0,0,1,-10,-10,0,1,0,5,4
0,0,1,-10,-10,0,1,0,7,6
0,0,1,-10,-10,0,1,0,9,8
0,0,1,-10,-10,0,1,0,11,10
0,0,1,-10,-10,0,1,0,13,12
0,0,1,-10,-10,0,1,0,15,14
0,0,1,-10,-10,0,1,0,17,16
0,0,1,-10,-10,0,1,0,19,18
0,1,1,-10,-10,0,1,0,21,20
1,0,1,-10,-10,10,1,0,1,0
0,0,1,-10,-10,10,1,0,3,2
0,0,1,-10,-10,10,1,0,5,4
0,0,1,-10,-10,10,1,0,7,6
0,0,1,-10,-10,10,1,0,9,8
0,0,1,-10,-10,10,1,0,11,10
0,0,1,-10,-10,10,1,0,13,12
0,0,1,-10,-10,10,1,0,15,14
0,0,1,-10,-10,10,1,0,17,16
0,0,1,-10,-10,10,1,0,19,18
0,1,1,-10,-10,10,1,0,21,20
1,0,1,-10,0,-10,1,0,1,0
0,0,1,-10,0,-10,1,0,3,2
0,0,1,-10,0,-10,1,0,5,4
0,0,1,-10,0,-10,1,0,7,6
0,0,1,-10,0,-10,1,0,9,8
0,0,1,-10,0,-10,1,0,11,10
0,0,1,-10,0,-10,1,0,13,12
0,0,1,-10,0,-10,1,0,15,14
0,0,1,-10,0,-10,1,0,17,16
0,0,1,-10,0,-10,1,0,19,18
0,1,1,-10,0,-10,1,0,21,20
1,0,1,-10,0,0,1,0,1,0
0,0,1,-10,0,0,1,0,3,2
0,0,1,-10,0,0,1,0,5,4
0,0,1,-10,0,0,1,0,7,6
0,0,1,-10,0,0,1,0,9,8
0,0,1,-10,0,0,1,0,11,10
0,0,1,-10,0,0,1,0,13,12
0,0,1,-10,0,0,1,0,15,14
0,0,1,-10,0,0,1,0,17,16
0,0,1,-10,0,0,1,0,19,18
0,1,1,-10,0,0,1,0,21,20
1,0,1,-10,0,10,1,0,1,0
0,0,1,-10,0,10,1,0,3,2
0,0,1,-10,0,10,1,0,5,4
0,0,1,-10,0,10,1,0,7,6
0,0,1,-10,0,10,1,0,9,8
0,0,1,-10,0,10,1,0,11,10
0,0,1,-10,0,10,1,0,13,12
0,0,1,-10,0,10,1,0,15,14
0,0,1,-10,0,10,1,0,17,16
0,0,1,-10,0,10,1,0,19,18
0,1,1,-10,0,10,1,0,21,20
1,0,1,-10,10,-10,1,0,1,0
0,0,1,-10,10,-10,1,0,3,2
0,0,1,-10,10,-10,1,0,5,4
0,0,1,-10,10,-10,1,0,7,6
0,0,1,-10,10,-10,1,0,9,8
0,0,1,-10,10,-10,1,0,11,10
0,0,1,-10,10,-10,1,0,13,12
0,0,1,-10,10,-10,1,0,15,14
0,0,1,-10,10,-10,1,0,17,16
0,0,1,-10,10,-10,1,0,19,18
0,1,1,-10,10,-10,1,0,21,20
1,0,1,-10,10,0,1,0,1,0
0,0,1,-10,10,0,1,0,3,2
0,0,1,-10,10,0,1,0,5,4
0,0,1,-10,10,0,1,0,7,6
0,0,1,-10,10,0,1,0,9,8
0,0,1,-10,10,0,1,0,11,10
0,0,1,-10,10,0,1,0,13,12
0,0,1,-10,10,0,1,0,15,14
0,0,1,-10,10,0,1,0,17,16
0,0,1,-10,10,0,1,0,19,18
0,1,1,-10,10,0,1,0,21,20
1,0,1,-10,10,10,1,0,1,0
0,0,1,-10,10,10,1,0,3,2
0,0,1,-10,10,10,1,0,5,4
0,0,1,-10,10,10,1,0,7,6
0,0,1,-10,10,10,1,0,9,8
0,0,1,-10,10,10,1,0,11,10
0,0,1,-10,10,10,1,0,13,12
0,0,1,-10,10,10,1,0,15,14
0,0,1,-10,10,10,1,0,17,16
0,0,1,-10,10,10,1,0,19,18
0,1,1,-10,10,10,1,0,21,20
1,0,1,0,-10,-10,1,0,1,0
0,0,1,0,-10,-10,1,0,3,2
0,0,1,0,-10,-10,1,0,5,4
0,0,1,0,-10,-10,1,0,7,6
0,0,1,0,-10,-10,1,0,9,8
0,0,1,0,-10,-10,1,0,11,10
0,0,1,0,-10,-10,1,0,13,12
0,0,1,0,-10,-10,1,0,15,14
0,0,1,0,-10,-10,1,0,17,16
0,0,1,0,-10,-10,1,0,19,18
0,1,1,0,-10,-10,1,0,21,20
1,0,1,0,-10,0,1,0,1,0
0,0,1,0,-10,0,1,0,3,2
0,0,1,0,-10,0,1,0,5,4
0,0,1,0,-10,0,1,0,7,6
0,0,1,0,-10,0,1,0,9,8
0,0,1,0,-10,0,1,0,11,10
0,0,1,0,-10,0,1,0,13,12
0,0,1,0,-10,0,1,0,15,14
0,0,1,0,-10,0,1,0,17,16
0,0,1,0,-10,0,1,0,19,18
0,1,1,0,-10,0,1,0,21,20
1,0,1,0,-10,10,1,0,1,0
0,0,1,0,-10,10,1,0,3,2
0,0,1,0,-10,10,1,0,5,4
0,0,1,0,-10,10,1,0,7,6
0,0,1,0,-10,10,1,0,9,8
0,0,1,0,-10,10,1,0,11,10
0,0,1,0,-10,10,1,0,13,12
0,0,1,0,-10,10,1,0,15,14
0,0,1,0,-10,10,1,0,17,16
0,0,1,0,-10,10,1,0,19,18
0,1,1,0,-10,10,1,0,21,20
1,0,1,0,0,-10,1,0,1,0
0,0,1,0,0,-10,1,0,3,2
0,0,1,0,0,-10,1,0,5,4
0,0,1,0,0,-10,1,0,7,6
0,0,1,0,0,-10,1,0,9,8
0,0,1,0,0,-10,1,0,11,10
0,0,1,0,0,-10,1,0,13,12
0,0,1,0,0,-10,1,0,15,14
0,0,1,0,0,-10,1,0,17,16
0,0,1,0,0,-10,1,0,19,18
0,1,1,0,0,-10,1,0,21,20
1,0,1,0,0,0,1,0,1,0
0,0,1,0,0,0,1,0,3,2
0,0,1,0,0,0,1,0,5,4
0,0,1,0,0,0,1,0,7,6
0,0,1,0,0,0,1,0,9,8
0,0,1,0,0,0,1,0,11,10
0,0,1,0,0,0,1,0,13,12
0,0,1,0,0,0,1,0,15,14
0,0,1,0,0,0,1,0,17,16
0,0,1,0,0,0,1,0,19,18
0,1,1,0,0,0,1,0,21,20
1,0,1,0,0,10,1,0,1,0
0,0,1,0,0,10,1,0,3,2
0,0,1,0,0,10,1,0,5,4
0,0,1,0,0,10,1,0,7,6
0,0,1,0,0,10,1,0,9,8
0,0,1,0,0,10,1,0,11,10
0,0,1,0,0,10,1,0,13,12
0,0,1,0,0,10,1,0,15,14
0,0,1,0,0,10,1,0,17,16
0,0,1,0,0,10,1,0,19,18
0,1,1,0,0,10,1,0,21,20
1,0,1,0,10,-10,1,0,1,0
0,0,1,0,10,-10,1,0,3,2
0,0,1,0,10,-10,1,0,5,4
0,0,1,0,10,-10,1,0,7,6
0,0,1,0,10,-10,1,0,9,8
0,0,1,0,10,-10,1,0,11,10
0,0,1,0,10,-10,1,0,13,12
0,0,1,0,10,-10,1,0,15,14
0,0,1,0,10,-10,1,0,17,16
0,0,1,0,10,-10,1,0,19,18
0,1,1,0,10,-10,1,0,21,20
1,0,1,0,10,0,1,0,1,0
0,0,1,0,10,0,1,0,3,2
0,0,1,0,10,0,1,0,5,4
0,0,1,0,10,0,1,0,7,6
0,0,1,0,10,0,1,0,9,8
0,0,1,0,10,0,1,0,11,10
0,0,1,0,10,0,1,0,13,12
0,0,1,0,10,0,1,0,15,14
0,0,1,0,10,0,1,0,17,16
0,0,1,0,10,0,1,0,19,18
0,1,1,0,10,0,1,0,21,20
1,0,1,0,10,10,1,0,1,0
0,0,1,0,10,10,1,0,3,2
0,0,1,0,10,10,1,0,5,4
0,0,1,0,10,10,1,0,7,6
0,0,1,0,10,10,1,0,9,8
0,0,1,0,10,10,1,0,11,10
0,0,1,0,10,10,1,0,13,12
0,0,1,0,10,10,1,0,15,14
0,0,1,0,10,10,1,0,17,16
0,0,1,0,10,10,1,0,19,18
0,1,1,0,10,10,1,0,21,20
1,0,1,10,-10,-10,1,0,1,0
0,0,1,10,-10,-10,1,0,3,2
0,0,1,10,-10,-10,1,0,5,4
0,0,1,10,-10,-10,1,0,7,6
0,0,1,10,-10,-10,1,0,9,8
0,0,1,10,-10,-10,1,0,11,10
0,0,1,10,-10,-10,1,0,13,12
0,0,1,10,-10,-10,1,0,15,14
0,0,1,10,-10,-10,1,0,17,16
0,0,1,10,-10,-10,1,0,19,18
0,1,1,10,-10,-10,1,0,21,20
1,0,1,10,-10,0,1,0,1,0
0,0,1,10,-10,0,1,0,3,2
0,0,1,10,-10,0,1,0,5,4
0,0,1,10,-10,0,1,0,7,6
0,0,1,10,-10,0,1,0,9,8
0,0,1,10,-10,0,1,0,11,10
0,0,1,10,-10,0,1,0,13,12
0,0,1,10,-10,0,1,0,15,14
0,0,1,10,-10,0,1,0,17,16
0,0,1,10,-10,0,1,0,19,18
0,1,1,10,-10,0,1,0,21,20
1,0,1,10,-10,10,1,0,1,0
0,0,1,10,-10,10,1,0,3,2
0,0,1,10,-10,10,1,0,5,4
0,0,1,10,-10,10,1,0,7,6
0,0,1,10,-10,10,1,0,9,8
0,0,1,10,-10,10,1,0,11,10
0,0,1,10,-10,10,1,0,13,12
0,0,1,10,-10,10,1,0,15,14
0,0,1,10,-10,10,1,0,17,16
0,0,1,10,-10,10,1,0,19,18
0,1,1,10,-10,10,1,0,21,20
1,0,1,10,0,-10,1,0,1,0
0,0,1,10,0,-10,1,0,3,2
0,0,1,10,0,-10,1,0,5,4
0,0,1,10,0,-10,1,0,7,6
0,0,1,10,0,-10,1,0,9,8
0,0,1,10,0,-10,1,0,11,10
0,0,1,10,0,-10,1,0,13,12
0,0,1,10,0,-10,1,0,15,14
0,0,1,10,0,-10,1,0,17,16
0,0,1,10,0,-10,1,0,19,18
0,1,1,10,0,-10,1,0,21,20
1,0,1,10,0,0,1,0,1,0
0,0,1,10,0,0,1,0,3,2
0,0,1,10,0,0,1,0,5,4
0,0,1,10,0,0,1,0,7,6
0,0,1,10,0,0,1,0,9,8
0,0,1,10,0,0,1,0,11,10
0,0,1,10,0,0,1,0,13,12
0,0,1,10,0,0,1,0,15,14
0,0,1,10,0,0,1,0,17,16
0,0,1,10,0,0,1,0,19,18
0,1,1,10,0,0,1,0,21,20
1,0,1,10,0,10,1,0,1,0
0,0,1,10,0,10,1,0,3,2
0,0,1,10,0,10,1,0,5,4
0,0,1,10,0,10,1,0,7,6
0,0,1,10,0,10,1,0,9,8
0,0,1,10,0,10,1,0,11,10
0,0,1,10,0,10,1,0,13,12
0,0,1,10,0,10,1,0,15,14
0,0,1,10,0,10,1,0,17,16
0,0,1,10,0,10,1,0,19,18
0,1,1,10,0,10,1,0,21,20
1,0,1,10,10,-10,1,0,1,0
0,0,1,10,10,-10,1,0,3,2
0,0,1,10,10,-10,1,0,5,4
0,0,1,10,10,-10,1,0,7,6
0,0,1,10,10,-10,1,0,9,8
0,0,1,10,10,-10,1,0,11,10
0,0,1,10,10,-10,1,0,13,12
0,0,1,10,10,-10,1,0,15,14
0,0,1,10,10,-10,1,0,17,16
0,0,1,10,10,-10,1,0,19,18
0,1,1,10,10,-10,1,0,21,20
1,0,1,10,10,0,1,0,1,0
0,0,1,10,10,0,1,0,3,2
0,0,1,10,10,0,1,0,5,4
0,0,1,10,10,0,1,0,7,6
0,0,1,10,10,0,1,0,9,8
0,0,1,10,10,0,1,0,11,10
0,0,1,10,10,0,1,0,13,12
0,0,1,10,10,0,1,0,15,14
0,0,1,10,10,0,1,0,17,16
0,0,1,10,10,0,1,0,19,18
0,1,1,10,10,0,1,0,21,20
1,0,1,10,10,10,1,0,1,0
0,0,1,10,10,10,1,0,3,2
0,0,1,10,10,10,1,0,5,4
0,0,1,10,10,10,1,0,7,6
0,0,1,10,10,10,1,0,9,8
0,0,1,10,10,10,1,0,11,10
0,0,1,10,10,10,1,0,13,12
0,0,1,10,10,10,1,0,15,14
0,0,1,10,10,10,1,0,17,16
0,0,1,10,10,10,1,0,19,18
0,1,1,10,10,10,1,0,21,20
1,0,1,-10,-10,-10,1,1,1,1
0,0,1,-10,-10,-10,1,1,3,3
0,0,1,-10,-10,-10,1,1,5,5
0,0,1,-10,-10,-10,1,1,7,7
0,0,1,-10,-10,-10,1,1,9,9
0,0,1,-10,-10,-10,1,1,11,11
0,0,1,-10,-10,-10,1,1,13,13
0,0,1,-10,-10,-10,1,1,15,15
0,0,1,-10,-10,-10,1,1,17,17
0,0,1,-10,-10,-10,1,1,19,19
0,1,1,-10,-10,-10,1,1,21,21
1,0,1,-10,-10,0,1,1,1,1
0,0,1,-10,-10,0,1,1,3,3
0,0,1,-10,-10,0,1,1,5,5
0,0,1,-10,-10,0,1,1,7,7
0,0,1,-10,-10,0,1,1,9,9
0,0,1,-10,-10,0,1,1,11,11
0,0,1,-10,-10,0,1,1,13,13
0,0,1,-10,-10,0,1,1,15,15
0,0,1,-10,-10,0,1,1,17,17
0,0,1,-10,-10,0,1,1,19,19
0,1,1,-10,-10,0,1,1,21,21
1,0,1,-10,-10,10,1,1,1,1
0,0,1,-10,-10,10,1,1,3,3
0,0,1,-10,-10,10,1,1,5,5
0,0,1,-10,-10,10,1,1,7,7
0,0,1,-10,-10,10,1,1,9,9
0,0,1,-10,-10,10,1,1,11,11
0,0,1,-10,-10,10,1,1,13,13
0,0,1,-10,-10,10,1,1,15,15
0,0,1,-10,-10,10,1,1,17,17
0,0,1,-10,-10,10,1,1,19,19
0,1,1,-10,-10,10,1,1,21,21
1,0,1,-10,0,-10,1,1,1,1
0,0,1,-10,0,-10,1,1,3,3
0,0,1,-10,0,-10,1,1,5,5
0,0,1,-10,0,-10,1,1,7,7
0,0,1,-10,0,-10,1,1,9,9
0,0,1,-10,0,-10,1,1,11,11
0,0,1,-10,0,-10,1,1,13,13
0,0,1,-10,0,-10,1,1,15,15
0,0,1,-10,0,-10,1,1,17,17
0,0,1,-10,0,-10,1,1,19,19
0,1,1,-10,0,-10,1,1,21,21
1,0,1,-10,0,0,1,1,1,1
0,0,1,-10,0,0,1,1,3,3
0,0,1,-10,0,0,1,1,5,5
0,0,1,-10,0,0,1,1,7,7
0,0,1,-10,0,0,1,1,9,9
0,0,1,-10,0,0,1,1,11,11
0,0,1,-10,0,0,1,1,13,13
0,0,1,-10,0,0,1,1,15,15
0,0,1,-10,0,0,1,1,17,17
0,0,1,-10,0,0,1,1,19,19
0,1,1,-10,0,0,1,1,21,21
1,0,1,-10,0,10,1,1,1,1
0,0,1,-10,0,10,1,1,3,3
0,0,1,-10,0,10,1,1,5,5
0,0,1,-10,0,10,1,1,7,7
0,0,1,-10,0,10,1,1,9,9
0,0,1,-10,0,10,1,1,11,11
0,0,1,-10,0,10,1,1,13,13
0,0,1,-10,0,10,1,1,15,15
0,0,1,-10,0,10,1,1,17,17
0,0,1,-10,0,10,1,1,19,19
0,1,1,-10,0,10,1,1,21,21
1,0,1,-10,10,-10,1,1,1,1
0,0,1,-10,10,-10,1,1,3,3
0,0,1,-10,10,-10,1,1,5,5
0,0,1,-10,10,-10,1,1,7,7
0,0,1,-10,10,-10,1,1,9,9
0,0,1,-10,10,-10,1,1,11,11
0,0,1,-10,10,-10,1,1,13,13
0,0,1,-10,10,-10,1,1,15,15
0,0,1,-10,10,-10,1,1,17,17
0,0,1,-10,10,-10,1,1,19,19
0,1,1,-10,10,-10,1,1,21,21
1,0,1,-10,10,0,1,1,1,1
0,0,1,-10,10,0,1,1,3,3
0,0,1,-10,10,0,1,1,5,5
0,0,1,-10,10,0,1,1,7,7
0,0,1,-10,10,0,1,1,9,9
0,0,1,-10,10,0,1,1,11,11
0,0,1,-10,10,0,1,1,13,13
0,0,1,-10,10,0,1,1,15,15
0,0,1,-10,10,0,1,1,17,17
0,0,1,-10,10,0,1,1,19,19
0,1,1,-10,10,0,1,1,21,21
1,0,1,-10,10,10,1,1,1,1
0,0,1,-10,10,10,1,1,3,3
0,0,1,-10,10,10,1,1,5,5
0,0,1,-10,10,10,1,1,7,7
0,0,1,-10,10,10,1,1,9,9
0,0,1,-10,10,10,1,1,11,11
0,0,1,-10,10,10,1,1,13,13
0,0,1,-10,10,10,1,1,15,15
0,0,1,-10,10,10,1,1,17,17
0,0,1,-10,10,10,1,1,19,19
0,1,1,-10,10,10,1,1,21,21
1,0,1,0,-10,-10,1,1,1,1
0,0,1,0,-10,-10,1,1,3,3
0,0,1,0,-10,-10,1,1,5,5
0,0,1,0,-10,-10,1,1,7,7
0,0,1,0,-10,-10,1,1,9,9
0,0,1,0,-10,-10,1,1,11,11
0,0,1,0,-10,-10,1,1,13,13
0,0,1,0,-10,-10,1,1,15,15
0,0,1,0,-10,-10,1,1,17,17
0,0,1,0,-10,-10,1,1,19,19
0,1,1,0,-10,-10,1,1,21,21
1,0,1,0,-10,0,1,1,1,1
0,0,1,0,-10,0,1,1,3,3
0,0,1,0,-10,0,1,1,5,5
0,0,1,0,-10,0,1,1,7,7
0,0,1,0,-10,0,1,1,9,9
0,0,1,0,-10,0,1,1,11,11
0,0,1,0,-10,0,1,1,13,13
0,0,1,0,-10,0,1,1,15,15
0,0,1,0,-10,0,1,1,17,17
0,0,1,0,-10,0,1,1,19,19
0,1,1,0,-10,0,1,1,21,21
1,0,1,0,-10,10,1,1,1,1
0,0,1,0,-10,10,1,1,3,3
0,0,1,0,-10,10,1,1,5,5
0,0,1,0,-10,10,1,1,7,7
0,0,1,0,-10,10,1,1,9,9
0,0,1,0,-10,10,1,1,11,11
0,0,1,0,-10,10,1,1,13,13
0,0,1,0,-10,10,1,1,15,15
0,0,1,0,-10,10,1,1,17,17
0,0,1,0,-10,10,1,1,19,19
0,1,1,0,-10,10,1,1,21,21
1,0,1,0,0,-10,1,1,1,1
0,0,1,0,0,-10,1,1,3,3
0,0,1,0,0,-10,1,1,5,5
0,0,1,0,0,-10,1,1,7,7
0,0,1,0,0,-10,1,1,9,9
0,0,1,0,0,-10,1,1,11,11
0,0,1,0,0,-10,1,1,13,13
0,0,1,0,0,-10,1,1,15,15
0,0,1,0,0,-10,1,1,17,17
0,0,1,0,0,-10,1,1,19,19
0,1,1,0,0,-10,1,1,21,21
1,0,1,0,0,0,1,1,1,1
0,0,1,0,0,0,1,1,3,3
0,0,1,0,0,0,1,1,5,5
0,0,1,0,0,0,1,1,7,7
0,0,1,0,0,0,1,1,9,9
0,0,1,0,0,0,1,1,11,11
0,0,1,0,0,0,1,1,13,13
0,0,1,0,0,0,1,1,15,15
0,0,1,0,0,0,1,1,17,17
0,0,1,0,0,0,1,1,19,19
0,1,1,0,0,0,1,1,21,21
1,0,1,0,0,10,1,1,1,1
0,0,1,0,0,10,1,1,3,3
0,0,1,0,0,10,1,1,5,5
0,0,1,0,0,10,1,1,7,7
0,0,1,0,0,10,1,1,9,9
0,0,1,0,0,10,1,1,11,11
0,0,1,0,0,10,1,1,13,13
0,0,1,0,0,10,1,1,15,15
0,0,1,0,0,10,1,1,17,17
0,0,1,0,0,10,1,1,19,19
0,1,1,0,0,10,1,1,21,21
1,0,1,0,10,-10,1,1,1,1
0,0,1,0,10,-10,1,1,3,3
0,0,1,0,10,-10,1,1,5,5
0,0,1,0,10,-10,1,1,7,7
0,0,1,0,10,-10,1,1,9,9
0,0,1,0,10,-10,1,1,11,11
0,0,1,0,10,-10,1,1,13,13
0,0,1,0,10,-10,1,1,15,15
0,0,1,0,10,-10,1,1,17,17
0,0,1,0,10,-10,1,1,19,19
0,1,1,0,10,-10,1,1,21,21
1,0,1,0,10,0,1,1,1,1
0,0,1,0,10,0,1,1,3,3
0,0,1,0,10,0,1,1,5,5
0,0,1,0,10,0,1,1,7,7
0,0,1,0,10,0,1,1,9,9
0,0,1,0,10,0,1,1,11,11
0,0,1,0,10,0,1,1,13,13
0,0,1,0,10,0,1,1,15,15
0,0,1,0,10,0,1,1,17,17
0,0,1,0,10,0,1,1,19,19
0,1,1,0,10,0,1,1,21,21
1,0,1,0,10,10,1,1,1,1
0,0,1,0,10,10,1,1,3,3
0,0,1,0,10,10,1,1,5,5
0,0,1,0,10,10,1,1,7,7
0,0,1,0,10,10,1,1,9,9
0,0,1,0,10,10,1,1,11,11
0,0,1,0,10,10,1,1,13,13
0,0,1,0,10,10,1,1,15,15
0,0,1,0,10,10,1,1,17,17
0,0,1,0,10,10,1,1,19,19
0,1,1,0,10,10,1,1,21,21
1,0,1,10,-10,-10,1,1,1,1
0,0,1,10,-10,-10,1,1,3,3
0,0,1,10,-10,-10,1,1,5,5
0,0,1,10,-10,-10,1,1,7,7
0,0,1,10,-10,-10,1,1,9,9
0,0,1,10,-10,-10,1,1,11,11
0,0,1,10,-10,-10,1,1,13,13
0,0,1,10,-10,-10,1,1,15,15
0,0,1,10,-10,-10,1,1,17,17
0,0,1,10,-10,-10,1,1,19,19
0,1,1,10,-10,-10,1,1,21,21
1,0,1,10,-10,0,1,1,1,1
0,0,1,10,-10,0,1,1,3,3
0,0,1,10,-10,0,1,1,5,5
0,0,1,10,-10,0,1,1,7,7
0,0,1,10,-10,0,1,1,9,9
0,0,1,10,-10,0,1,1,11,11
0,0,1,10,-10,0,1,1,13,13
0,0,1,10,-10,0,1,1,15,15
0,0,1,10,-10,0,1,1,17,17
0,0,1,10,-10,0,1,1,19,19
0,1,1,10,-10,0,1,1,21,21
1,0,1,10,-10,10,1,1,1,1
0,0,1,10,-10,10,1,1,3,3
0,0,1,10,-10,10,1,1,5,5
0,0,1,10,-10,10,1,1,7,7
0,0,1,10,-10,10,1,1,9,9
0,0,1,10,-10,10,1,1,11,11
0,0,1,10,-10,10,1,1,13,13
0,0,1,10,-10,10,1,1,15,15
0,0,1,10,-10,10,1,1,17,17
0,0,1,10,-10,10,1,1,19,19
0,1,1,10,-10,10,1,1,21,21
1,0,1,10,0,-10,1,1,1,1
0,0,1,10,0,-10,1,1,3,3
0,0,1,10,0,-10,1,1,5,5
0,0,1,10,0,-10,1,1,7,7
0,0,1,10,0,-10,1,1,9,9
0,0,1,10,0,-10,1,1,11,11
0,0,1,10,0,-10,1,1,13,13
0,0,1,10,0,-10,1,1,15,15
0,0,1,10,0,-10,1,1,17,17
0,0,1,10,0,-10,1,1,19,19
0,1,1,10,0,-10,1,1,21,21
1,0,1,10,0,0,1,1,1,1
0,0,1,10,0,0,1,1,3,3
0,0,1,10,0,0,1,1,5,5
0,0,1,10,0,0,1,1,7,7
0,0,1,10,0,0,1,1,9,9
0,0,1,10,0,0,1,1,11,11
0,0,1,10,0,0,1,1,13,13
0,0,1,10,0,0,1,1,15,15
0,0,1,10,0,0,1,1,17,17
0,0,1,10,0,0,1,1,19,19
0,1,1,10,0,0,1,1,21,21
1,0,1,10,0,10,1,1,1,1
0,0,1,10,0,10,1,1,3,3
0,0,1,10,0,10,1,1,5,5
0,0,1,10,0,10,1,1,7,7
0,0,1,10,0,10,1,1,9,9
0,0,1,10,0,10,1,1,11,11
0,0,1,10,0,10,1,1,13,13
0,0,1,10,0,10,1,1,15,15
0,0,1,10,0,10,1,1,17,17
0,0,1,10,0,10,1,1,19,19
0,1,1,10,0,10,1,1,21,21
1,0,1,10,10,-10,1,1,1,1
0,0,1,10,10,-10,1,1,3,3
0,0,1,10,10,-10,1,1,5,5
0,0,1,10,10,-10,1,1,7,7
0,0,1,10,10,-10,1,1,9,9
0,0,1,10,10,-10,1,1,11,11
0,0,1,10,10,-10,1,1,13,13
0,0,1,10,10,-10,1,1,15,15
0,0,1,10,10,-10,1,1,17,17
0,0,1,10,10,-10,1,1,19,19
0,1,1,10,10,-10,1,1,21,21
1,0,1,10,10,0,1,1,1,1
0,0,1,10,10,0,1,1,3,3
0,0,1,10,10,0,1,1,5,5
0,0,1,10,10,0,1,1,7,7
0,0,1,10,10,0,1,1,9,9
0,0,1,10,10,0,1,1,11,11
0,0,1,10,10,0,1,1,13,13
0,0,1,10,10,0,1,1,15,15
0,0,1,10,10,0,1,1,17,17
0,0,1,10,10,0,1,1,19,19
0,1,1,10,10,0,1,1,21,21
1,0,1,10,10,10,1,1,1,1
0,0,1,10,10,10,1,1,3,3
0,0,1,10,10,10,1,1,5,5
0,0,1,10,10,10,1,1,7,7
0,0,1,10,10,10,1,1,9,9
0,0,1,10,10,10,1,1,11,11
0,0,1,10,10,10,1,1,13,13
0,0,1,10,10,10,1,1,15,15
0,0,1,10,10,10,1,1,17,17
0,0,1,10,10,10,1,1,19,19
0,1,1,10,10,10,1,1,21,21
1,0,1,-10,-10,-10,1,2,1,2
0,0,1,-10,-10,-10,1,2,3,4
0,0,1,-10,-10,-10,1,2,5,6
0,0,1,-10,-10,-10,1,2,7,8
0,0,1,-10,-10,-10,1,2,9,10
0,0,1,-10,-10,-10,1,2,11,12
0,0,1,-10,-10,-10,1,2,13,14
0,0,1,-10,-10,-10,1,2,15,16
0,0,1,-10,-10,-10,1,2,17,18
0,0,1,-10,-10,-10,1,2,19,20
0,1,1,-10,-10,-10,1,2,21,22
1,0,1,-10,-10,0,1,2,1,2
0,0,1,-10,-10,0,1,2,3,4
0,0,1,-10,-10,0,1,2,5,6
0,0,1,-10,-10,0,1,2,7,8
0,0,1,-10,-10,0,1,2,9,10
0,0,1,-10,-10,0,1,2,11,12
0,0,1,-10,-10,0,1,2,13,14
0,0,1,-10,-10,0,1,2,15,16
0,0,1,-10,-10,0,1,2,17,18
0,0,1,-10,-10,0,1,2,19,20
0,1,1,-10,-10,0,1,2,21,22
1,0,1,-10,-10,10,1,2,1,2
0,0,1,-10,-10,10,1,2,3,4
0,0,1,-10,-10,10,1,2,5,6
0,0,1,-10,-10,10,1,2,7,8
0,0,1,-10,-10,10,1,2,9,10
0,0,1,-10,-10,10,1,2,11,12
0,0,1,-10,-10,10,1,2,13,14
0,0,1,-10,-10,10,1,2,15,16
0,0,1,-10,-10,10,1,2,17,18
0,0,1,-10,-10,10,1,2,19,20
0,1,1,-10,-10,10,1,2,21,22
1,0,1,-10,0,-10,1,2,1,2
0,0,1,-10,0,-10,1,2,3,4
0,0,1,-10,0,-10,1,2,5,6
0,0,1,-10,0,-10,1,2,7,8
0,0,1,-10,0,-10,1,2,9,10
0,0,1,-10,0,-10,1,2,11,12
0,0,1,-10,0,-10,1,2,13,14
0,0,1,-10,0,-10,1,2,15,16
0,0,1,-10,0,-10,1,2,17,18
0,0,1,-10,0,-10,1,2,19,20
0,1,1,-10,0,-10,1,2,21,22
1,0,1,-10,0,0,1,2,1,2
0,0,1,-10,0,0,1,2,3,4
0,0,1,-10,0,0,1,2,5,6
0,0,1,-10,0,0,1,2,7,8
0,0,1,-10,0,0,1,2,9,10
0,0,1,-10,0,0,1,2,11,12
0,0,1,-10,0,0,1,2,13,14
0,0,1,-10,0,0,1,2,15,16
0,0,1,-10,0,0,1,2,17,18
0,0,1,-10,0,0,1,2,19,20
0,1,1,-10,0,0,1,2,21,22
1,0,1,-10,0,10,1,2,1,2
0,0,1,-10,0,10,1,2,3,4
0,0,1,-10,0,10,1,2,5,6
0,0,1,-10,0,10,1,2,7,8
0,0,1,-10,0,10,1,2,9,10
0,0,1,-10,0,10,1,2,11,12
0,0,1,-10,0,10,1,2,13,14
0,0,1,-10,0,10,1,2,15,16
0,0,1,-10,0,10,1,2,17,18
0,0,1,-10,0,10,1,2,19,20
0,1,1,-10,0,10,1,2,21,22
1,0,1,-10,10,-10,1,2,1,2
0,0,1,-10,10,-10,1,2,3,4
0,0,1,-10,10,-10,1,2,5,6
0,0,1,-10,10,-10,1,2,7,8
0,0,1,-10,10,-10,1,2,9,10
0,0,1,-10,10,-10,1,2,11,12
0,0,1,-10,10,-10,1,2,13,14
0,0,1,-10,10,-10,1,2,15,16
0,0,1,-10,10,-10,1,2,17,18
0,0,1,-10,10,-10,1,2,19,20
0,1,1,-10,10,-10,1,2,21,22
1,0,1,-10,10,0,1,2,1,2
0,0,1,-10,10,0,1,2,3,4
0,0,1,-10,10,0,1,2,5,6
0,0,1,-10,10,0,1,2,7,8
0,0,1,-10,10,0,1,2,9,10
0,0,1,-10,10,0,1,2,11,12
0,0,1,-10,10,0,1,2,13,14
0,0,1,-10,10,0,1,2,15,16
0,0,1,-10,10,0,1,2,17,18
0,0,1,-10,10,0,1,2,19,20
0,1,1,-10,10,0,1,2,21,22
1,0,1,-10,10,10,1,2,1,2
0,0,1,-10,10,10,1,2,3,4
0,0,1,-10,10,10,1,2,5,6
0,0,1,-10,10,10,1,2,7,8
0,0,1,-10,10,10,1,2,9,10
0,0,1,-10,10,10,1,2,11,12
0,0,1,-10,10,10,1,2,13,14
0,0,1,-10,10,10,1,2,15,16
0,0,1,-10,10,10,1,2,17,18
0,0,1,-10,10,10,1,2,19,20
0,1,1,-10,10,10,1,2,21,22
1,0,1,0,-10,-10,1,2,1,2
0,0,1,0,-10,-10,1,2,3,4
0,0,1,0,-10,-10,1,2,5,6
0,0,1,0,-10,-10,1,2,7,8
0,0,1,0,-10,-10,1,2,9,10
0,0,1,0,-10,-10,1,2,11,12
0,0,1,0,-10,-10,1,2,13,14
0,0,1,0,-10,-10,1,2,15,16
0,0,1,0,-10,-10,1,2,17,18
0,0,1,0,-10,-10,1,2,19,20
0,1,1,0,-10,-10,1,2,21,22
1,0,1,0,-10,0,1,2,1,2
0,0,1,0,-10,0,1,2,3,4
0,0,1,0,-10,0,1,2,5,6
0,0,1,0,-10,0,1,2,7,8
0,0,1,0,-10,0,1,2,9,10
0,0,1,0,-10,0,1,2,11,12
0,0,1,0,-10,0,1,2,13,14
0,0,1,0,-10,0,1,2,15,16
0,0,1,0,-10,0,1,2,17,18
0,0,1,0,-10,0,1,2,19,20
0,1,1,0,-10,0,1,2,21,22
1,0,1,0,-10,10,1,2,1,2
0,0,1,0,-10,10,1,2,3,4
0,0,1,0,-10,10,1,2,5,6
0,0,1,0,-10,10,1,2,7,8
0,0,1,0,-10,10,1,2,9,10
0,0,1,0,-10,10,1,2,11,12
0,0,1,0,-10,10,1,2,13,14
0,0,1,0,-10,10,1,2,15,16
0,0,1,0,-10,10,1,2,17,18
0,0,1,0,-10,10,1,2,19,20
0,1,1,0,-10,10,1,2,21,22
1,0,1,0,0,-10,1,2,1,2
0,0,1,0,0,-10,1,2,3,4
0,0,1,0,0,-10,1,2,5,6
0,0,1,0,0,-10,1,2,7,8
0,0,1,0,0,-10,1,2,9,10
0,0,1,0,0,-10,1,2,11,12
0,0,1,0,0,-10,1,2,13,14
0,0,1,0,0,-10,1,2,15,16
0,0,1,0,0,-10,1,2,17,18
0,0,1,0,0,-10,1,2,19,20
0,1,1,0,0,-10,1,2,21,22
1,0,1,0,0,0,1,2,1,2
0,0,1,0,0,0,1,2,3,4
0,0,1,0,0,0,1,2,5,6
0,0,1,0,0,0,1,2,7,8
0,0,1,0,0,0,1,2,9,10
0,0,1,0,0,0,1,2,11,12
0,0,1,0,0,0,1,2,13,14
0,0,1,0,0,0,1,2,15,16
0,0,1,0,0,0,1,2,17,18
0,0,1,0,0,0,1,2,19,20
0,1,1,0,0,0,1,2,21,22
1,0,1,0,0,10,1,2,1,2
0,0,1,0,0,10,1,2,3,4
0,0,1,0,0,10,1,2,5,6
0,0,1,0,0,10,1,2,7,8
0,0,1,0,0,10,1,2,9,10
0,0,1,0,0,10,1,2,11,12
0,0,1,0,0,10,1,2,13,14
0,0,1,0,0,10,1,2,15,16
0,0,1,0,0,10,1,2,17,18
0,0,1,0,0,10,1,2,19,20
0,1,1,0,0,10,1,2,21,22
1,0,1,0,10,-10,1,2,1,2
0,0,1,0,10,-10,1,2,3,4
0,0,1,0,10,-10,1,2,5,6
0,0,1,0,10,-10,1,2,7,8
0,0,1,0,10,-10,1,2,9,10
0,0,1,0,10,-10,1,2,11,12
0,0,1,0,10,-10,1,2,13,14
0,0,1,0,10,-10,1,2,15,16
0,0,1,0,10,-10,1,2,17,18
0,0,1,0,10,-10,1,2,19,20
0,1,1,0,10,-10,1,2,21,22
1,0,1,0,10,0,1,2,1,2
0,0,1,0,10,0,1,2,3,4
0,0,1,0,10,0,1,2,5,6
0,0,1,0,10,0,1,2,7,8
0,0,1,0,10,0,1,2,9,10
0,0,1,0,10,0,1,2,11,12
0,0,1,0,10,0,1,2,13,14
0,0,1,0,10,0,1,2,15,16
0,0,1,0,10,0,1,2,17,18
0,0,1,0,10,0,1,2,19,20
0,1,1,0,10,0,1,2,21,22
1,0,1,0,10,10,1,2,1,2
0,0,1,0,10,10,1,2,3,4
0,0,1,0,10,10,1,2,5,6
0,0,1,0,10,10,1,2,7,8
0,0,1,0,10,10,1,2,9,10
0,0,1,0,10,10,1,2,11,12
0,0,1,0,10,10,1,2,13,14
0,0,1,0,10,10,1,2,15,16
0,0,1,0,10,10,1,2,17,18
0,0,1,0,10,10,1,2,19,20
0,1,1,0,10,10,1,2,21,22
1,0,1,10,-10,-10,1,2,1,2
0,0,1,10,-10,-10,1,2,3,4
0,0,1,10,-10,-10,1,2,5,6
0,0,1,10,-10,-10,1,2,7,8
0,0,1,10,-10,-10,1,2,9,10
0,0,1,10,-10,-10,1,2,11,12
0,0,1,10,-10,-10,1,2,13,14
0,0,1,10,-10,-10,1,2,15,16
0,0,1,10,-10,-10,1,2,17,18
0,0,1,10,-10,-10,1,2,19,20
0,1,1,10,-10,-10,1,2,21,22
1,0,1,10,-10,0,1,2,1,2
0,0,1,10,-10,0,1,2,3,4
0,0,1,10,-10,0,1,2,5,6
0,0,1,10,-10,0,1,2,7,8
0,0,1,10,-10,0,1,2,9,10
0,0,1,10,-10,0,1,2,11,12
0,0,1,10,-10,0,1,2,13,14
0,0,1,10,-10,0,1,2,15,16
0,0,1,10,-10,0,1,2,17,18
0,0,1,10,-10,0,1,2,19,20
0,1,1,10,-10,0,1,2,21,22
1,0,1,10,-10,10,1,2,1,2
0,0,1,10,-10,10,1,2,3,4
0,0,1,10,-10,10,1,2,5,6
0,0,1,10,-10,10,1,2,7,8
0,0,1,10,-10,10,1,2,9,10
0,0,1,10,-10,10,1,2,11,12
0,0,1,10,-10,10,1,2,13,14
0,0,1,10,-10,10,1,2,15,16
0,0,1,10,-10,10,1,2,17,18
0,0,1,10,-10,10,1,2,19,20
0,1,1,10,-10,10,1,2,21,22
1,0,1,10,0,-10,1,2,1,2
0,0,1,10,0,-10,1,2,3,4
0,0,1,10,0,-10,1,2,5,6
0,0,1,10,0,-10,1,2,7,8
0,0,1,10,0,-10,1,2,9,10
0,0,1,10,0,-10,1,2,11,12
0,0,1,10,0,-10,1,2,13,14
0,0,1,10,0,-10,1,2,15,16
0,0,1,10,0,-10,1,2,17,18
0,0,1,10,0,-10,1,2,19,20
0,1,1,10,0,-10,1,2,21,22
1,0,1,10,0,0,1,2,1,2
0,0,1,10,0,0,1,2,3,4
0,0,1,10,0,0,1,2,5,6
0,0,1,10,0,0,1,2,7,8
0,0,1,10,0,0,1,2,9,10
0,0,1,10,0,0,1,2,11,12
0,0,1,10,0,0,1,2,13,14
0,0,1,10,0,0,1,2,15,16
0,0,1,10,0,0,1,2,17,18
0,0,1,10,0,0,1,2,19,20
0,1,1,10,0,0,1,2,21,22
1,0,1,10,0,10,1,2,1,2
0,0,1,10,0,10,1,2,3,4
0,0,1,10,0,10,1,2,5,6
0,0,1,10,0,10,1,2,7,8
0,0,1,10,0,10,1,2,9,10
0,0,1,10,0,10,1,2,11,12
0,0,1,10,0,10,1,2,13,14
0,0,1,10,0,10,1,2,15,16
0,0,1,10,0,10,1,2,17,18
0,0,1,10,0,10,1,2,19,20
0,1,1,10,0,10,1,2,21,22
1,0,1,10,10,-10,1,2,1,2
0,0,1,10,10,-10,1,2,3,4
0,0,1,10,10,-10,1,2,5,6
0,0,1,10,10,-10,1,2,7,8
0,0,1,10,10,-10,1,2,9,10
0,0,1,10,10,-10,1,2,11,12
0,0,1,10,10,-10,1,2,13,14
0,0,1,10,10,-10,1,2,15,16
0,0,1,10,10,-10,1,2,17,18
0,0,1,10,10,-10,1,2,19,20
0,1,1,10,10,-10,1,2,21,22
1,0,1,10,10,0,1,2,1,2
0,0,1,10,10,0,1,2,3,4
0,0,1,10,10,0,1,2,5,6
0,0,1,10,10,0,1,2,7,8
0,0,1,10,10,0,1,2,9,10
0,0,1,10,10,0,1,2,11,12
0,0,1,10,10,0,1,2,13,14
0,0,1,10,10,0,1,2,15,16
0,0,1,10,10,0,1,2,17,18
0,0,1,10,10,0,1,2,19,20
0,1,1,10,10,0,1,2,21,22
1,0,1,10,10,10,1,2,1,2
0,0,1,10,10,10,1,2,3,4
0,0,1,10,10,10,1,2,5,6
0,0,1,10,10,10,1,2,7,8
0,0,1,10,10,10,1,2,9,10
0,0,1,10,10,10,1,2,11,12
0,0,1,10,10,10,1,2,13,14
0,0,1,10,10,10,1,2,15,16
0,0,1,10,10,10,1,2,17,18
0,0,1,10,10,10,1,2,19,20
0,1,1,10,10,10,1,2,21,22
1,0,1,-10,-10,-10,2,0,2,0
0,0,1,-10,-10,-10,2,0,4,2
0,0,1,-10,-10,-10,2,0,6,4
0,0,1,-10,-10,-10,2,0,8,6
0,0,1,-10,-10,-10,2,0,10,8
0,0,1,-10,-10,-10,2,0,12,10
0,0,1,-10,-10,-10,2,0,14,12
0,0,1,-10,-10,-10,2,0,16,14
0,0,1,-10,-10,-10,2,0,18,16
0,0,1,-10,-10,-10,2,0,20,18
0,1,1,-10,-10,-10,2,0,22,20
1,0,1,-10,-10,0,2,0,2,0
0,0,1,-10,-10,0,2,0,4,2
0,0,1,-10,-10,0,2,0,6,4
0,0,1,-10,-10,0,2,0,8,6
0,0,1,-10,-10,0,2,0,10,8
0,0,1,-10,-10,0,2,0,12,10
0,0,1,-10,-10,0,2,0,14,12
0,0,1,-10,-10,0,2,0,16,14
0,0,1,-10,-10,0,2,0,18,16
0,0,1,-10,-10,0,2,0,20,18
0,1,1,-10,-10,0,2,0,22,20
1,0,1,-10,-10,10,2,0,2,0
0,0,1,-10,-10,10,2,0,4,2
0,0,1,-10,-10,10,2,0,6,4
0,0,1,-10,-10,10,2,0,8,6
0,0,1,-10,-10,10,2,0,10,8
0,0,1,-10,-10,10,2,0,12,10
0,0,1,-10,-10,10,2,0,14,12
0,0,1,-10,-10,10,2,0,16,14
0,0,1,-10,-10,10,2,0,18,16
0,0,1,-10,-10,10,2,0,20,18
0,1,1,-10,-10,10,2,0,22,20
1,0,1,-10,0,-10,2,0,2,0
0,0,1,-10,0,-10,2,0,4,2
0,0,1,-10,0,-10,2,0,6,4
0,0,1,-10,0,-10,2,0,8,6
0,0,1,-10,0,-10,2,0,10,8
0,0,1,-10,0,-10,2,0,12,10
0,0,1,-10,0,-10,2,0,14,12
0,0,1,-10,0,-10,2,0,16,14
0,0,1,-10,0,-10,2,0,18,16
0,0,1,-10,0,-10,2,0,20,18
0,1,1,-10,0,-10,2,0,22,20
1,0,1,-10,0,0,2,0,2,0
0,0,1,-10,0,0,2,0,4,2
0,0,1,-10,0,0,2,0,6,4
0,0,1,-10,0,0,2,0,8,6
0,0,1,-10,0,0,2,0,10,8
0,0,1,-10,0,0,2,0,12,10
0,0,1,-10,0,0,2,0,14,12
0,0,1,-10,0,0,2,0,16,14
0,0,1,-10,0,0,2,0,18,16
0,0,1,-10,0,0,2,0,20,18
0,1,1,-10,0,0,2,0,22,20
1,0,1,-10,0,10,2,0,2,0
0,0,1,-10,0,10,2,0,4,2
0,0,1,-10,0,10,2,0,6,4
0,0,1,-10,0,10,2,0,8,6
0,0,1,-10,0,10,2,0,10,8
0,0,1,-10,0,10,2,0,12,10
0,0,1,-10,0,10,2,0,14,12
0,0,1,-10,0,10,2,0,16,14
0,0,1,-10,0,10,2,0,18,16
0,0,1,-10,0,10,2,0,20,18
0,1,1,-10,0,10,2,0,22,20
1,0,1,-10,10,-10,2,0,2,0
0,0,1,-10,10,-10,2,0,4,2
0,0,1,-10,10,-10,2,0,6,4
0,0,1,-10,10,-10,2,0,8,6
0,0,1,-10,10,-10,2,0,10,8
0,0,1,-10,10,-10,2,0,12,10
0,0,1,-10,10,-10,2,0,14,12
0,0,1,-10,10,-10,2,0,16,14
0,0,1,-10,10,-10,2,0,18,16
0,0,1,-10,10,-10,2,0,20,18
0,1,1,-10,10,-10,2,0,22,20
1,0,1,-10,10,0,2,0,2,0
0,0,1,-10,10,0,2,0,4,2
0,0,1,-10,10,0,2,0,6,4
0,0,1,-10,10,0,2,0,8,6
0,0,1,-10,10,0,2,0,10,8
0,0,1,-10,10,0,2,0,12,10
0,0,1,-10,10,0,2,0,14,12
0,0,1,-10,10,0,2,0,16,14
0,0,1,-10,10,0,2,0,18,16
0,0,1,-10,10,0,2,0,20,18
0,1,1,-10,10,0,2,0,22,20
1,0,1,-10,10,10,2,0,2,0
0,0,1,-10,10,10,2,0,4,2
0,0,1,-10,10,10,2,0,6,4
0,0,1,-10,10,10,2,0,8,6
0,0,1,-10,10,10,2,0,10,8
0,0,1,-10,10,10,2,0,12,10
0,0,1,-10,10,10,2,0,14,12
0,0,1,-10,10,10,2,0,16,14
0,0,1,-10,10,10,2,0,18,16
0,0,1,-10,10,10,2,0,20,18
0,1,1,-10,10,10,2,0,22,20
1,0,1,0,-10,-10,2,0,2,0
0,0,1,0,-10,-10,2,0,4,2
0,0,1,0,-10,-10,2,0,6,4
0,0,1,0,-10,-10,2,0,8,6
0,0,1,0,-10,-10,2,0,10,8
0,0,1,0,-10,-10,2,0,12,10
0,0,1,0,-10,-10,2,0,14,12
0,0,1,0,-10,-10,2,0,16,14
0,0,1,0,-10,-10,2,0,18,16
0,0,1,0,-10,-10,2,0,20,18
0,1,1,0,-10,-10,2,0,22,20
1,0,1,0,-10,0,2,0,2,0
0,0,1,0,-10,0,2,0,4,2
0,0,1,0,-10,0,2,0,6,4
0,0,1,0,-10,0,2,0,8,6
0,0,1,0,-10,0,2,0,10,8
0,0,1,0,-10,0,2,0,12,10
0,0,1,0,-10,0,2,0,14,12
0,0,1,0,-10,0,2,0,16,14
0,0,1,0,-10,0,2,0,18,16
0,0,1,0,-10,0,2,0,20,18
0,1,1,0,-10,0,2,0,22,20
1,0,1,0,-10,10,2,0,2,0
0,0,1,0,-10,10,2,0,4,2
0,0,1,0,-10,10,2,0,6,4
0,0,1,0,-10,10,2,0,8,6
0,0,1,0,-10,10,2,0,10,8
0,0,1,0,-10,10,2,0,12,10
0,0,1,0,-10,10,2,0,14,12
0,0,1,0,-10,10,2,0,16,14
0,0,1,0,-10,10,2,0,18,16
0,0,1,0,-10,10,2,0,20,18
0,1,1,0,-10,10,2,0,22,20
1,0,1,0,0,-10,2,0,2,0
0,0,1,0,0,-10,2,0,4,2
0,0,1,0,0,-10,2,0,6,4
0,0,1,0,0,-10,2,0,8,6
0,0,1,0,0,-10,2,0,10,8
0,0,1,0,0,-10,2,0,12,10
0,0,1,0,0,-10,2,0,14,12
0,0,1,0,0,-10,2,0,16,14
0,0,1,0,0,-10,2,0,18,16
0,0,1,0,0,-10,2,0,20,18
0,1,1,0,0,-10,2,0,22,20
1,0,1,0,0,0,2,0,2,0
0,0,1,0,0,0,2,0,4,2
0,0,1,0,0,0,2,0,6,4
0,0,1,0,0,0,2,0,8,6
0,0,1,0,0,0,2,0,10,8
0,0,1,0,0,0,2,0,12,10
0,0,1,0,0,0,2,0,14,12
0,0,1,0,0,0,2,0,16,14
0,0,1,0,0,0,2,0,18,16
0,0,1,0,0,0,2,0,20,18
0,1,1,0,0,0,2,0,22,20
1,0,1,0,0,10,2,0,2,0
0,0,1,0,0,10,2,0,4,2
0,0,1,0,0,10,2,0,6,4
0,0,1,0,0,10,2,0,8,6
0,0,1,0,0,10,2,0,10,8
0,0,1,0,0,10,2,0,12,10
0,0,1,0,0,10,2,0,14,12
0,0,1,0,0,10,2,0,16,14
0,0,1,0,0,10,2,0,18,16
0,0,1,0,0,10,2,0,20,18
0,1,1,0,0,10,2,0,22,20
1,0,1,0,10,-10,2,0,2,0
0,0,1,0,10,-10,2,0,4,2
0,0,1,0,10,-10,2,0,6,4
0,0,1,0,10,-10,2,0,8,6
0,0,1,0,10,-10,2,0,10,8
0,0,1,0,10,-10,2,0,12,10
0,0,1,0,10,-10,2,0,14,12
0,0,1,0,10,-10,2,0,16,14
0,0,1,0,10,-10,2,0,18,16
0,0,1,0,10,-10,2,0,20,18
0,1,1,0,10,-10,2,0,22,20
1,0,1,0,10,0,2,0,2,0
0,0,1,0,10,0,2,0,4,2
0,0,1,0,10,0,2,0,6,4
0,0,1,0,10,0,2,0,8,6
0,0,1,0,10,0,2,0,10,8
0,0,1,0,10,0,2,0,12,10
0,0,1,0,10,0,2,0,14,12
0,0,1,0,10,0,2,0,16,14
0,0,1,0,10,0,2,0,18,16
0,0,1,0,10,0,2,0,20,18
0,1,1,0,10,0,2,0,22,20
1,0,1,0,10,10,2,0,2,0
0,0,1,0,10,10,2,0,4,2
0,0,1,0,10,10,2,0,6,4
0,0,1,0,10,10,2,0,8,6
0,0,1,0,10,10,2,0,10,8
0,0,1,0,10,10,2,0,12,10
0,0,1,0,10,10,2,0,14,12
0,0,1,0,10,10,2,0,16,14
0,0,1,0,10,10,2,0,18,16
0,0,1,0,10,10,2,0,20,18
0,1,1,0,10,10,2,0,22,20
1,0,1,10,-10,-10,2,0,2,0
0,0,1,10,-10,-10,2,0,4,2
0,0,1,10,-10,-10,2,0,6,4
0,0,1,10,-10,-10,2,0,8,6
0,0,1,10,-10,-10,2,0,10,8
0,0,1,10,-10,-10,2,0,12,10
0,0,1,10,-10,-10,2,0,14,12
0,0,1,10,-10,-10,2,0,16,14
0,0,1,10,-10,-10,2,0,18,16
0,0,1,10,-10,-10,2,0,20,18
0,1,1,10,-10,-10,2,0,22,20
1,0,1,10,-10,0,2,0,2,0
0,0,1,10,-10,0,2,0,4,2
0,0,1,10,-10,0,2,0,6,4
0,0,1,10,-10,0,2,0,8,6
0,0,1,10,-10,0,2,0,10,8
0,0,1,10,-10,0,2,0,12,10
0,0,1,10,-10,0,2,0,14,12
0,0,1,10,-10,0,2,0,16,14
0,0,1,10,-10,0,2,0,18,16
0,0,1,10,-10,0,2,0,20,18
0,1,1,10,-10,0,2,0,22,20
1,0,1,10,-10,10,2,0,2,0
0,0,1,10,-10,10,2,0,4,2
0,0,1,10,-10,10,2,0,6,4
0,0,1,10,-10,10,2,0,8,6
0,0,1,10,-10,10,2,0,10,8
0,0,1,10,-10,10,2,0,12,10
0,0,1,10,-10,10,2,0,14,12
0,0,1,10,-10,10,2,0,16,14
0,0,1,10,-10,10,2,0,18,16
0,0,1,10,-10,10,2,0,20,18
0,1,1,10,-10,10,2,0,22,20
1,0,1,10,0,-10,2,0,2,0
0,0,1,10,0,-10,2,0,4,2
0,0,1,10,0,-10,2,0,6,4
0,0,1,10,0,-10,2,0,8,6
0,0,1,10,0,-10,2,0,10,8
0,0,1,10,0,-10,2,0,12,10
0,0,1,10,0,-10,2,0,14,12
0,0,1,10,0,-10,2,0,16,14
0,0,1,10,0,-10,2,0,18,16
0,0,1,10,0,-10,2,0,20,18
0,1,1,10,0,-10,2,0,22,20
1,0,1,10,0,0,2,0,2,0
0,0,1,10,0,0,2,0,4,2
0,0,1,10,0,0,2,0,6,4
0,0,1,10,0,0,2,0,8,6
0,0,1,10,0,0,2,0,10,8
0,0,1,10,0,0,2,0,12,10
0,0,1,10,0,0,2,0,14,12
0,0,1,10,0,0,2,0,16,14
0,0,1,10,0,0,2,0,18,16
0,0,1,10,0,0,2,0,20,18
0,1,1,10,0,0,2,0,22,20
1,0,1,10,0,10,2,0,2,0
0,0,1,10,0,10,2,0,4,2
0,0,1,10,0,10,2,0,6,4
0,0,1,10,0,10,2,0,8,6
0,0,1,10,0,10,2,0,10,8
0,0,1,10,0,10,2,0,12,10
0,0,1,10,0,10,2,0,14,12
0,0,1,10,0,10,2,0,16,14
0,0,1,10,0,10,2,0,18,16
0,0,1,10,0,10,2,0,20,18
0,1,1,10,0,10,2,0,22,20
1,0,1,10,10,-10,2,0,2,0
0,0,1,10,10,-10,2,0,4,2
0,0,1,10,10,-10,2,0,6,4
0,0,1,10,10,-10,2,0,8,6
0,0,1,10,10,-10,2,0,10,8
0,0,1,10,10,-10,2,0,12,10
0,0,1,10,10,-10,2,0,14,12
0,0,1,10,10,-10,2,0,16,14
0,0,1,10,10,-10,2,0,18,16
0,0,1,10,10,-10,2,0,20,18
0,1,1,10,10,-10,2,0,22,20
1,0,1,10,10,0,2,0,2,0
0,0,1,10,10,0,2,0,4,2
0,0,1,10,10,0,2,0,6,4
0,0,1,10,10,0,2,0,8,6
0,0,1,10,10,0,2,0,10,8
0,0,1,10,10,0,2,0,12,10
0,0,1,10,10,0,2,0,14,12
0,0,1,10,10,0,2,0,16,14
0,0,1,10,10,0,2,0,18,16
0,0,1,10,10,0,2,0,20,18
0,1,1,10,10,0,2,0,22,20
1,0,1,10,10,10,2,0,2,0
0,0,1,10,10,10,2,0,4,2
0,0,1,10,10,10,2,0,6,4
0,0,1,10,10,10,2,0,8,6
0,0,1,10,10,10,2,0,10,8
0,0,1,10,10,10,2,0,12,10
0,0,1,10,10,10,2,0,14,12
0,0,1,10,10,10,2,0,16,14
0,0,1,10,10,10,2,0,18,16
0,0,1,10,10,10,2,0,20,18
0,1,1,10,10,10,2,0,22,20
1,0,1,-10,-10,-10,2,1,2,1
0,0,1,-10,-10,-10,2,1,4,3
0,0,1,-10,-10,-10,2,1,6,5
0,0,1,-10,-10,-10,2,1,8,7
0,0,1,-10,-10,-10,2,1,10,9
0,0,1,-10,-10,-10,2,1,12,11
0,0,1,-10,-10,-10,2,1,14,13
0,0,1,-10,-10,-10,2,1,16,15
0,0,1,-10,-10,-10,2,1,18,17
0,0,1,-10,-10,-10,2,1,20,19
0,1,1,-10,-10,-10,2,1,22,21
1,0,1,-10,-10,0,2,1,2,1
0,0,1,-10,-10,0,2,1,4,3
0,0,1,-10,-10,0,2,1,6,5
0,0,1,-10,-10,0,2,1,8,7
0,0,1,-10,-10,0,2,1,10,9
0,0,1,-10,-10,0,2,1,12,11
0,0,1,-10,-10,0,2,1,14,13
0,0,1,-10,-10,0,2,1,16,15
0,0,1,-10,-10,0,2,1,18,17
0,0,1,-10,-10,0,2,1,20,19
0,1,1,-10,-10,0,2,1,22,21
1,0,1,-10,-10,10,2,1,2,1
0,0,1,-10,-10,10,2,1,4,3
0,0,1,-10,-10,10,2,1,6,5
0,0,1,-10,-10,10,2,1,8,7
0,0,1,-10,-10,10,2,1,10,9
0,0,1,-10,-10,10,2,1,12,11
0,0,1,-10,-10,10,2,1,14,13
0,0,1,-10,-10,10,2,1,16,15
0,0,1,-10,-10,10,2,1,18,17
0,0,1,-10,-10,10,2,1,20,19
0,1,1,-10,-10,10,2,1,22,21
1,0,1,-10,0,-10,2,1,2,1
0,0,1,-10,0,-10,2,1,4,3
0,0,1,-10,0,-10,2,1,6,5
0,0,1,-10,0,-10,2,1,8,7
0,0,1,-10,0,-10,2,1,10,9
0,0,1,-10,0,-10,2,1,12,11
0,0,1,-10,0,-10,2,1,14,13
0,0,1,-10,0,-10,2,1,16,15
0,0,1,-10,0,-10,2,1,18,17
0,0,1,-10,0,-10,2,1,20,19
0,1,1,-10,0,-10,2,1,22,21
1,0,1,-10,0,0,2,1,2,1
0,0,1,-10,0,0,2,1,4,3
0,0,1,-10,0,0,2,1,6,5
0,0,1,-10,0,0,2,1,8,7
0,0,1,-10,0,0,2,1,10,9
0,0,1,-10,0,0,2,1,12,11
0,0,1,-10,0,0,2,1,14,13
0,0,1,-10,0,0,2,1,16,15
0,0,1,-10,0,0,2,1,18,17
0,0,1,-10,0,0,2,1,20,19
0,1,1,-10,0,0,2,1,22,21
1,0,1,-10,0,10,2,1,2,1
0,0,1,-10,0,10,2,1,4,3
0,0,1,-10,0,10,2,1,6,5
0,0,1,-10,0,10,2,1,8,7
0,0,1,-10,0,10,2,1,10,9
0,0,1,-10,0,10,2,1,12,11
0,0,1,-10,0,10,2,1,14,13
0,0,1,-10,0,10,2,1,16,15
0,0,1,-10,0,10,2,1,18,17
0,0,1,-10,0,10,2,1,20,19
0,1,1,-10,0,10,2,1,22,21
1,0,1,-10,10,-10,2,1,2,1
0,0,1,-10,10,-10,2,1,4,3
0,0,1,-10,10,-10,2,1,6,5
0,0,1,-10,10,-10,2,1,8,7
0,0,1,-10,10,-10,2,1,10,9
0,0,1,-10,10,-10,2,1,12,11
0,0,1,-10,10,-10,2,1,14,13
0,0,1,-10,10,-10,2,1,16,15
0,0,1,-10,10,-10,2,1,18,17
0,0,1,-10,10,-10,2,1,20,19
0,1,1,-10,10,-10,2,1,22,21
1,0,1,-10,10,0,2,1,2,1
0,0,1,-10,10,0,2,1,4,3
0,0,1,-10,10,0,2,1,6,5
0,0,1,-10,10,0,2,1,8,7
0,0,1,-10,10,0,2,1,10,9
0,0,1,-10,10,0,2,1,12,11
0,0,1,-10,10,0,2,1,14,13
0,0,1,-10,10,0,2,1,16,15
0,0,1,-10,10,0,2,1,18,17
0,0,1,-10,10,0,2,1,20,19
0,1,1,-10,10,0,2,1,22,21
1,0,1,-10,10,10,2,1,2,1
0,0,1,-10,10,10,2,1,4,3
0,0,1,-10,10,10,2,1,6,5
0,0,1,-10,10,10,2,1,8,7
0,0,1,-10,10,10,2,1,10,9
0,0,1,-10,10,10,2,1,12,11
0,0,1,-10,10,10,2,1,14,13
0,0,1,-10,10,10,2,1,16,15
0,0,1,-10,10,10,2,1,18,17
0,0,1,-10,10,10,2,1,20,19
0,1,1,-10,10,10,2,1,22,21
1,0,1,0,-10,-10,2,1,2,1
0,0,1,0,-10,-10,2,1,4,3
0,0,1,0,-10,-10,2,1,6,5
0,0,1,0,-10,-10,2,1,8,7
0,0,1,0,-10,-10,2,1,10,9
0,0,1,0,-10,-10,2,1,12,11
0,0,1,0,-10,-10,2,1,14,13
0,0,1,0,-10,-10,2,1,16,15
0,0,1,0,-10,-10,2,1,18,17
0,0,1,0,-10,-10,2,1,20,19
0,1,1,0,-10,-10,2,1,22,21
1,0,1,0,-10,0,2,1,2,1
0,0,1,0,-10,0,2,1,4,3
0,0,1,0,-10,0,2,1,6,5
0,0,1,0,-10,0,2,1,8,7
0,0,1,0,-10,0,2,1,10,9
0,0,1,0,-10,0,2,1,12,11
0,0,1,0,-10,0,2,1,14,13
0,0,1,0,-10,0,2,1,16,15
0,0,1,0,-10,0,2,1,18,17
0,0,1,0,-10,0,2,1,20,19
0,1,1,0,-10,0,2,1,22,21
1,0,1,0,-10,10,2,1,2,1
0,0,1,0,-10,10,2,1,4,3
0,0,1,0,-10,10,2,1,6,5
0,0,1,0,-10,10,2,1,8,7
0,0,1,0,-10,10,2,1,10,9
0,0,1,0,-10,10,2,1,12,11
0,0,1,0,-10,10,2,1,14,13
0,0,1,0,-10,10,2,1,16,15
0,0,1,0,-10,10,2,1,18,17
0,0,1,0,-10,10,2,1,20,19
0,1,1,0,-10,10,2,1,22,21
1,0,1,0,0,-10,2,1,2,1
0,0,1,0,0,-10,2,1,4,3
0,0,1,0,0,-10,2,1,6,5
0,0,1,0,0,-10,2,1,8,7
0,0,1,0,0,-10,2,1,10,9
0,0,1,0,0,-10,2,1,12,11
0,0,1,0,0,-10,2,1,14,13
0,0,1,0,0,-10,2,1,16,15
0,0,1,0,0,-10,2,1,18,17
0,0,1,0,0,-10,2,1,20,19
0,1,1,0,0,-10,2,1,22,21
1,0,1,0,0,0,2,1,2,1
0,0,1,0,0,0,2,1,4,3
0,0,1,0,0,0,2,1,6,5
0,0,1,0,0,0,2,1,8,7
0,0,1,0,0,0,2,1,10,9
0,0,1,0,0,0,2,1,12,11
0,0,1,0,0,0,2,1,14,13
0,0,1,0,0,0,2,1,16,15
0,0,1,0,0,0,2,1,18,17
0,0,1,0,0,0,2,1,20,19
0,1,1,0,0,0,2,1,22,21
1,0,1,0,0,10,2,1,2,1
0,0,1,0,0,10,2,1,4,3
0,0,1,0,0,10,2,1,6,5
0,0,1,0,0,10,2,1,8,7
0,0,1,0,0,10,2,1,10,9
0,0,1,0,0,10,2,1,12,11
0,0,1,0,0,10,2,1,14,13
0,0,1,0,0,10,2,1,16,15
0,0,1,0,0,10,2,1,18,17
0,0,1,0,0,10,2,1,20,19
0,1,1,0,0,10,2,1,22,21
1,0,1,0,10,-10,2,1,2,1
0,0,1,0,10,-10,2,1,4,3
0,0,1,0,10,-10,2,1,6,5
0,0,1,0,10,-10,2,1,8,7
0,0,1,0,10,-10,2,1,10,9
0,0,1,0,10,-10,2,1,12,11
0,0,1,0,10,-10,2,1,14,13
0,0,1,0,10,-10,2,1,16,15
0,0,1,0,10,-10,2,1,18,17
0,0,1,0,10,-10,2,1,20,19
0,1,1,0,10,-10,2,1,22,21
1,0,1,0,10,0,2,1,2,1
0,0,1,0,10,0,2,1,4,3
0,0,1,0,10,0,2,1,6,5
0,0,1,0,10,0,2,1,8,7
0,0,1,0,10,0,2,1,10,9
0,0,1,0,10,0,2,1,12,11
0,0,1,0,10,0,2,1,14,13
0,0,1,0,10,0,2,1,16,15
0,0,1,0,10,0,2,1,18,17
0,0,1,0,10,0,2,1,20,19
0,1,1,0,10,0,2,1,22,21
1,0,1,0,10,10,2,1,2,1
0,0,1,0,10,10,2,1,4,3
0,0,1,0,10,10,2,1,6,5
0,0,1,0,10,10,2,1,8,7
0,0,1,0,10,10,2,1,10,9
0,0,1,0,10,10,2,1,12,11
0,0,1,0,10,10,2,1,14,13
0,0,1,0,10,10,2,1,16,15
0,0,1,0,10,10,2,1,18,17
0,0,1,0,10,10,2,1,20,19
0,1,1,0,10,10,2,1,22,21
1,0,1,10,-10,-10,2,1,2,1
0,0,1,10,-10,-10,2,1,4,3
0,0,1,10,-10,-10,2,1,6,5
0,0,1,10,-10,-10,2,1,8,7
0,0,1,10,-10,-10,2,1,10,9
0,0,1,10,-10,-10,2,1,12,11
0,0,1,10,-10,-10,2,1,14,13
0,0,1,10,-10,-10,2,1,16,15
0,0,1,10,-10,-10,2,1,18,17
0,0,1,10,-10,-10,2,1,20,19
0,1,1,10,-10,-10,2,1,22,21
1,0,1,10,-10,0,2,1,2,1
0,0,1,10,-10,0,2,1,4,3
0,0,1,10,-10,0,2,1,6,5
0,0,1,10,-10,0,2,1,8,7
0,0,1,10,-10,0,2,1,10,9
0,0,1,10,-10,0,2,1,12,11
0,0,1,10,-10,0,2,1,14,13
0,0,1,10,-10,0,2,1,16,15
0,0,1,10,-10,0,2,1,18,17
0,0,1,10,-10,0,2,1,20,19
0,1,1,10,-10,0,2,1,22,21
1,0,1,10,-10,10,2,1,2,1
0,0,1,10,-10,10,2,1,4,3
0,0,1,10,-10,10,2,1,6,5
0,0,1,10,-10,10,2,1,8,7
0,0,1,10,-10,10,2,1,10,9
0,0,1,10,-10,10,2,1,12,11
0,0,1,10,-10,10,2,1,14,13
0,0,1,10,-10,10,2,1,16,15
0,0,1,10,-10,10,2,1,18,17
0,0,1,10,-10,10,2,1,20,19
0,1,1,10,-10,10,2,1,22,21
1,0,1,10,0,-10,2,1,2,1
0,0,1,10,0,-10,2,1,4,3
0,0,1,10,0,-10,2,1,6,5
0,0,1,10,0,-10,2,1,8,7
0,0,1,10,0,-10,2,1,10,9
0,0,1,10,0,-10,2,1,12,11
0,0,1,10,0,-10,2,1,14,13
0,0,1,10,0,-10,2,1,16,15
0,0,1,10,0,-10,2,1,18,17
0,0,1,10,0,-10,2,1,20,19
0,1,1,10,0,-10,2,1,22,21
1,0,1,10,0,0,2,1,2,1
0,0,1,10,0,0,2,1,4,3
0,0,1,10,0,0,2,1,6,5
0,0,1,10,0,0,2,1,8,7
0,0,1,10,0,0,2,1,10,9
0,0,1,10,0,0,2,1,12,11
0,0,1,10,0,0,2,1,14,13
0,0,1,10,0,0,2,1,16,15
0,0,1,10,0,0,2,1,18,17
0,0,1,10,0,0,2,1,20,19
0,1,1,10,0,0,2,1,22,21
1,0,1,10,0,10,2,1,2,1
0,0,1,10,0,10,2,1,4,3
0,0,1,10,0,10,2,1,6,5
0,0,1,10,0,10,2,1,8,7
0,0,1,10,0,10,2,1,10,9
0,0,1,10,0,10,2,1,12,11
0,0,1,10,0,10,2,1,14,13
0,0,1,10,0,10,2,1,16,15
0,0,1,10,0,10,2,1,18,17
0,0,1,10,0,10,2,1,20,19
0,1,1,10,0,10,2,1,22,21
1,0,1,10,10,-10,2,1,2,1
0,0,1,10,10,-10,2,1,4,3
0,0,1,10,10,-10,2,1,6,5
0,0,1,10,10,-10,2,1,8,7
0,0,1,10,10,-10,2,1,10,9
0,0,1,10,10,-10,2,1,12,11
0,0,1,10,10,-10,2,1,14,13
0,0,1,10,10,-10,2,1,16,15
0,0,1,10,10,-10,2,1,18,17
0,0,1,10,10,-10,2,1,20,19
0,1,1,10,10,-10,2,1,22,21
1,0,1,10,10,0,2,1,2,1
0,0,1,10,10,0,2,1,4,3
0,0,1,10,10,0,2,1,6,5
0,0,1,10,10,0,2,1,8,7
0,0,1,10,10,0,2,1,10,9
0,0,1,10,10,0,2,1,12,11
0,0,1,10,10,0,2,1,14,13
0,0,1,10,10,0,2,1,16,15
0,0,1,10,10,0,2,1,18,17
0,0,1,10,10,0,2,1,20,19
0,1,1,10,10,0,2,1,22,21
1,0,1,10,10,10,2,1,2,1
0,0,1,10,10,10,2,1,4,3
0,0,1,10,10,10,2,1,6,5
0,0,1,10,10,10,2,1,8,7
0,0,1,10,10,10,2,1,10,9
0,0,1,10,10,10,2,1,12,11
0,0,1,10,10,10,2,1,14,13
0,0,1,10,10,10,2,1,16,15
0,0,1,10,10,10,2,1,18,17
0,0,1,10,10,10,2,1,20,19
0,1,1,10,10,10,2,1,22,21
1,0,1,-10,-10,-10,2,2,2,2
0,0,1,-10,-10,-10,2,2,4,4
0,0,1,-10,-10,-10,2,2,6,6
0,0,1,-10,-10,-10,2,2,8,8
0,0,1,-10,-10,-10,2,2,10,10
0,0,1,-10,-10,-10,2,2,12,12
0,0,1,-10,-10,-10,2,2,14,14
0,0,1,-10,-10,-10,2,2,16,16
0,0,1,-10,-10,-10,2,2,18,18
0,0,1,-10,-10,-10,2,2,20,20
0,1,1,-10,-10,-10,2,2,22,22
1,0,1,-10,-10,0,2,2,2,2
0,0,1,-10,-10,0,2,2,4,4
0,0,1,-10,-10,0,2,2,6,6
0,0,1,-10,-10,0,2,2,8,8
0,0,1,-10,-10,0,2,2,10,10
0,0,1,-10,-10,0,2,2,12,12
0,0,1,-10,-10,0,2,2,14,14
0,0,1,-10,-10,0,2,2,16,16
0,0,1,-10,-10,0,2,2,18,18
0,0,1,-10,-10,0,2,2,20,20
0,1,1,-10,-10,0,2,2,22,22
1,0,1,-10,-10,10,2,2,2,2
0,0,1,-10,-10,10,2,2,4,4
0,0,1,-10,-10,10,2,2,6,6
0,0,1,-10,-10,10,2,2,8,8
0,0,1,-10,-10,10,2,2,10,10
0,0,1,-10,-10,10,2,2,12,12
0,0,1,-10,-10,10,2,2,14,14
0,0,1,-10,-10,10,2,2,16,16
0,0,1,-10,-10,10,2,2,18,18
0,0,1,-10,-10,10,2,2,20,20
0,1,1,-10,-10,10,2,2,22,22
1,0,1,-10,0,-10,2,2,2,2
0,0,1,-10,0,-10,2,2,4,4
0,0,1,-10,0,-10,2,2,6,6
0,0,1,-10,0,-10,2,2,8,8
0,0,1,-10,0,-10,2,2,10,10
0,0,1,-10,0,-10,2,2,12,12
0,0,1,-10,0,-10,2,2,14,14
0,0,1,-10,0,-10,2,2,16,16
0,0,1,-10,0,-10,2,2,18,18
0,0,1,-10,0,-10,2,2,20,20
0,1,1,-10,0,-10,2,2,22,22
1,0,1,-10,0,0,2,2,2,2
0,0,1,-10,0,0,2,2,4,4
0,0,1,-10,0,0,2,2,6,6
0,0,1,-10,0,0,2,2,8,8
0,0,1,-10,0,0,2,2,10,10
0,0,1,-10,0,0,2,2,12,12
0,0,1,-10,0,0,2,2,14,14
0,0,1,-10,0,0,2,2,16,16
0,0,1,-10,0,0,2,2,18,18
0,0,1,-10,0,0,2,2,20,20
0,1,1,-10,0,0,2,2,22,22
1,0,1,-10,0,10,2,2,2,2
0,0,1,-10,0,10,2,2,4,4
0,0,1,-10,0,10,2,2,6,6
0,0,1,-10,0,10,2,2,8,8
0,0,1,-10,0,10,2,2,10,10
0,0,1,-10,0,10,2,2,12,12
0,0,1,-10,0,10,2,2,14,14
0,0,1,-10,0,10,2,2,16,16
0,0,1,-10,0,10,2,2,18,18
0,0,1,-10,0,10,2,2,20,20
0,1,1,-10,0,10,2,2,22,22
1,0,1,-10,10,-10,2,2,2,2
0,0,1,-10,10,-10,2,2,4,4
0,0,1,-10,10,-10,2,2,6,6
0,0,1,-10,10,-10,2,2,8,8
0,0,1,-10,10,-10,2,2,10,10
0,0,1,-10,10,-10,2,2,12,12
0,0,1,-10,10,-10,2,2,14,14
0,0,1,-10,10,-10,2,2,16,16
0,0,1,-10,10,-10,2,2,18,18
0,0,1,-10,10,-10,2,2,20,20
0,1,1,-10,10,-10,2,2,22,22
1,0,1,-10,10,0,2,2,2,2
0,0,1,-10,10,0,2,2,4,4
0,0,1,-10,10,0,2,2,6,6
0,0,1,-10,10,0,2,2,8,8
0,0,1,-10,10,0,2,2,10,10
0,0,1,-10,10,0,2,2,12,12
0,0,1,-10,10,0,2,2,14,14
0,0,1,-10,10,0,2,2,16,16
0,0,1,-10,10,0,2,2,18,18
0,0,1,-10,10,0,2,2,20,20
0,1,1,-10,10,0,2,2,22,22
1,0,1,-10,10,10,2,2,2,2
0,0,1,-10,10,10,2,2,4,4
0,0,1,-10,10,10,2,2,6,6
0,0,1,-10,10,10,2,2,8,8
0,0,1,-10,10,10,2,2,10,10
0,0,1,-10,10,10,2,2,12,12
0,0,1,-10,10,10,2,2,14,14
0,0,1,-10,10,10,2,2,16,16
0,0,1,-10,10,10,2,2,18,18
0,0,1,-10,10,10,2,2,20,20
0,1,1,-10,10,10,2,2,22,22
1,0,1,0,-10,-10,2,2,2,2
0,0,1,0,-10,-10,2,2,4,4
0,0,1,0,-10,-10,2,2,6,6
0,0,1,0,-10,-10,2,2,8,8
0,0,1,0,-10,-10,2,2,10,10
0,0,1,0,-10,-10,2,2,12,12
0,0,1,0,-10,-10,2,2,14,14
0,0,1,0,-10,-10,2,2,16,16
0,0,1,0,-10,-10,2,2,18,18
0,0,1,0,-10,-10,2,2,20,20
0,1,1,0,-10,-10,2,2,22,22
1,0,1,0,-10,0,2,2,2,2
0,0,1,0,-10,0,2,2,4,4
0,0,1,0,-10,0,2,2,6,6
0,0,1,0,-10,0,2,2,8,8
0,0,1,0,-10,0,2,2,10,10
0,0,1,0,-10,0,2,2,12,12
0,0,1,0,-10,0,2,2,14,14
0,0,1,0,-10,0,2,2,16,16
0,0,1,0,-10,0,2,2,18,18
0,0,1,0,-10,0,2,2,20,20
0,1,1,0,-10,0,2,2,22,22
1,0,1,0,-10,10,2,2,2,2
0,0,1,0,-10,10,2,2,4,4
0,0,1,0,-10,10,2,2,6,6
0,0,1,0,-10,10,2,2,8,8
0,0,1,0,-10,10,2,2,10,10
0,0,1,0,-10,10,2,2,12,12
0,0,1,0,-10,10,2,2,14,14
0,0,1,0,-10,10,2,2,16,16
0,0,1,0,-10,10,2,2,18,18
0,0,1,0,-10,10,2,2,20,20
0,1,1,0,-10,10,2,2,22,22
1,0,1,0,0,-10,2,2,2,2
0,0,1,0,0,-10,2,2,4,4
0,0,1,0,0,-10,2,2,6,6
0,0,1,0,0,-10,2,2,8,8
0,0,1,0,0,-10,2,2,10,10
0,0,1,0,0,-10,2,2,12,12
0,0,1,0,0,-10,2,2,14,14
0,0,1,0,0,-10,2,2,16,16
0,0,1,0,0,-10,2,2,18,18
0,0,1,0,0,-10,2,2,20,20
0,1,1,0,0,-10,2,2,22,22
1,0,1,0,0,0,2,2,2,2
0,0,1,0,0,0,2,2,4,4
0,0,1,0,0,0,2,2,6,6
0,0,1,0,0,0,2,2,8,8
0,0,1,0,0,0,2,2,10,10
0,0,1,0,0,0,2,2,12,12
0,0,1,0,0,0,2,2,14,14
0,0,1,0,0,0,2,2,16,16
0,0,1,0,0,0,2,2,18,18
0,0,1,0,0,0,2,2,20,20
0,1,1,0,0,0,2,2,22,22
1,0,1,0,0,10,2,2,2,2
0,0,1,0,0,10,2,2,4,4
0,0,1,0,0,10,2,2,6,6
0,0,1,0,0,10,2,2,8,8
0,0,1,0,0,10,2,2,10,10
0,0,1,0,0,10,2,2,12,12
0,0,1,0,0,10,2,2,14,14
0,0,1,0,0,10,2,2,16,16
0,0,1,0,0,10,2,2,18,18
0,0,1,0,0,10,2,2,20,20
0,1,1,0,0,10,2,2,22,22
1,0,1,0,10,-10,2,2,2,2
0,0,1,0,10,-10,2,2,4,4
0,0,1,0,10,-10,2,2,6,6
0,0,1,0,10,-10,2,2,8,8
0,0,1,0,10,-10,2,2,10,10
0,0,1,0,10,-10,2,2,12,12
0,0,1,0,10,-10,2,2,14,14
0,0,1,0,10,-10,2,2,16,16
0,0,1,0,10,-10,2,2,18,18
0,0,1,0,10,-10,2,2,20,20
0,1,1,0,10,-10,2,2,22,22
1,0,1,0,10,0,2,2,2,2
0,0,1,0,10,0,2,2,4,4
0,0,1,0,10,0,2,2,6,6
0,0,1,0,10,0,2,2,8,8
0,0,1,0,10,0,2,2,10,10
0,0,1,0,10,0,2,2,12,12
0,0,1,0,10,0,2,2,14,14
0,0,1,0,10,0,2,2,16,16
0,0,1,0,10,0,2,2,18,18
0,0,1,0,10,0,2,2,20,20
0,1,1,0,10,0,2,2,22,22
1,0,1,0,10,10,2,2,2,2
0,0,1,0,10,10,2,2,4,4
0,0,1,0,10,10,2,2,6,6
0,0,1,0,10,10,2,2,8,8
0,0,1,0,10,10,2,2,10,10
0,0,1,0,10,10,2,2,12,12
0,0,1,0,10,10,2,2,14,14
0,0,1,0,10,10,2,2,16,16
0,0,1,0,10,10,2,2,18,18
0,0,1,0,10,10,2,2,20,20
0,1,1,0,10,10,2,2,22,22
1,0,1,10,-10,-10,2,2,2,2
0,0,1,10,-10,-10,2,2,4,4
0,0,1,10,-10,-10,2,2,6,6
0,0,1,10,-10,-10,2,2,8,8
0,0,1,10,-10,-10,2,2,10,10
0,0,1,10,-10,-10,2,2,12,12
0,0,1,10,-10,-10,2,2,14,14
0,0,1,10,-10,-10,2,2,16,16
0,0,1,10,-10,-10,2,2,18,18
0,0,1,10,-10,-10,2,2,20,20
0,1,1,10,-10,-10,2,2,22,22
1,0,1,10,-10,0,2,2,2,2
0,0,1,10,-10,0,2,2,4,4
0,0,1,10,-10,0,2,2,6,6
0,0,1,10,-10,0,2,2,8,8
0,0,1,10,-10,0,2,2,10,10
0,0,1,10,-10,0,2,2,12,12
0,0,1,10,-10,0,2,2,14,14
0,0,1,10,-10,0,2,2,16,16
0,0,1,10,-10,0,2,2,18,18
0,0,1,10,-10,0,2,2,20,20
0,1,1,10,-10,0,2,2,22,22
1,0,1,10,-10,10,2,2,2,2
0,0,1,10,-10,10,2,2,4,4
0,0,1,10,-10,10,2,2,6,6
0,0,1,10,-10,10,2,2,8,8
0,0,1,10,-10,10,2,2,10,10
0,0,1,10,-10,10,2,2,12,12
0,0,1,10,-10,10,2,2,14,14
0,0,1,10,-10,10,2,2,16,16
0,0,1,10,-10,10,2,2,18,18
0,0,1,10,-10,10,2,2,20,20
0,1,1,10,-10,10,2,2,22,22
1,0,1,10,0,-10,2,2,2,2
0,0,1,10,0,-10,2,2,4,4
0,0,1,10,0,-10,2,2,6,6
0,0,1,10,0,-10,2,2,8,8
0,0,1,10,0,-10,2,2,10,10
0,0,1,10,0,-10,2,2,12,12
0,0,1,10,0,-10,2,2,14,14
0,0,1,10,0,-10,2,2,16,16
0,0,1,10,0,-10,2,2,18,18
0,0,1,10,0,-10,2,2,20,20
0,1,1,10,0,-10,2,2,22,22
1,0,1,10,0,0,2,2,2,2
0,0,1,10,0,0,2,2,4,4
0,0,1,10,0,0,2,2,6,6
0,0,1,10,0,0,2,2,8,8
0,0,1,10,0,0,2,2,10,10
0,0,1,10,0,0,2,2,12,12
0,0,1,10,0,0,2,2,14,14
0,0,1,10,0,0,2,2,16,16
0,0,1,10,0,0,2,2,18,18
0,0,1,10,0,0,2,2,20,20
0,1,1,10,0,0,2,2,22,22
1,0,1,10,0,10,2,2,2,2
0,0,1,10,0,10,2,2,4,4
0,0,1,10,0,10,2,2,6,6
0,0,1,10,0,10,2,2,8,8
0,0,1,10,0,10,2,2,10,10
0,0,1,10,0,10,2,2,12,12
0,0,1,10,0,10,2,2,14,14
0,0,1,10,0,10,2,2,16,16
0,0,1,10,0,10,2,2,18,18
0,0,1,10,0,10,2,2,20,20
0,1,1,10,0,10,2,2,22,22
1,0,1,10,10,-10,2,2,2,2
0,0,1,10,10,-10,2,2,4,4
0,0,1,10,10,-10,2,2,6,6
0,0,1,10,10,-10,2,2,8,8
0,0,1,10,10,-10,2,2,10,10
0,0,1,10,10,-10,2,2,12,12
0,0,1,10,10,-10,2,2,14,14
0,0,1,10,10,-10,2,2,16,16
0,0,1,10,10,-10,2,2,18,18
0,0,1,10,10,-10,2,2,20,20
0,1,1,10,10,-10,2,2,22,22
1,0,1,10,10,0,2,2,2,2
0,0,1,10,10,0,2,2,4,4
0,0,1,10,10,0,2,2,6,6
0,0,1,10,10,0,2,2,8,8
0,0,1,10,10,0,2,2,10,10
0,0,1,10,10,0,2,2,12,12
0,0,1,10,10,0,2,2,14,14
0,0,1,10,10,0,2,2,16,16
0,0,1,10,10,0,2,2,18,18
0,0,1,10,10,0,2,2,20,20
0,1,1,10,10,0,2,2,22,22
1,0,1,10,10,10,2,2,2,2
0,0,1,10,10,10,2,2,4,4
0,0,1,10,10,10,2,2,6,6
0,0,1,10,10,10,2,2,8,8
0,0,1,10,10,10,2,2,10,10
0,0,1,10,10,10,2,2,12,12
0,0,1,10,10,10,2,2,14,14
0,0,1,10,10,10,2,2,16,16
0,0,1,10,10,10,2,2,18,18
0,0,1,10,10,10,2,2,20,20
0,1,1,10,10,10,2,2,22,22
